"year","month","day","past_sale_1","past_sale_2","past_sale_3","current_sales"
2016,1,12,2.19,2.19,2.3,2.38
2016,1,11,2.19,2.3,2.38,2.53
2016,1,8,2.3,2.38,2.53,2.47
2016,1,7,2.38,2.53,2.47,2.35
2016,1,6,2.53,2.47,2.35,2.35
2016,1,5,2.47,2.35,2.35,2.32
2016,1,4,2.35,2.35,2.32,2.39
2015,12,31,2.35,2.32,2.39,2.32
2015,12,30,2.32,2.39,2.32,2.24
2015,12,28,2.39,2.32,2.24,2.08
2015,12,24,2.32,2.24,2.08,1.54
2015,12,23,2.24,2.08,1.54,1.62
2015,12,22,2.08,1.54,1.62,1.75
2015,12,21,1.54,1.62,1.75,1.7
2015,12,18,1.62,1.75,1.7,1.7
2015,12,17,1.75,1.7,1.7,1.75
2015,12,16,1.7,1.7,1.75,1.68
2015,12,15,1.7,1.75,1.68,1.65
2015,12,14,1.75,1.68,1.65,1.69
2015,12,11,1.68,1.65,1.69,1.77
2015,12,10,1.65,1.69,1.77,1.91
2015,12,9,1.69,1.77,1.91,2
2015,12,8,1.77,1.91,2,1.98
2015,12,7,1.91,2,1.98,2.03
2015,12,4,2,1.98,2.03,2.08
2015,12,3,1.98,2.03,2.08,2.11
2015,12,2,2.03,2.08,2.11,2.17
2015,12,1,2.08,2.11,2.17,2.15
2015,11,30,2.11,2.17,2.15,2.09
2015,11,25,2.17,2.15,2.09,2.06
2015,11,24,2.15,2.09,2.06,2.11
2015,11,23,2.09,2.06,2.11,2.14
2015,11,20,2.06,2.11,2.14,2.16
2015,11,19,2.11,2.14,2.16,2.15
2015,11,18,2.14,2.16,2.15,2.1
2015,11,17,2.16,2.15,2.1,2.05
2015,11,16,2.15,2.1,2.05,2.14
2015,11,13,2.1,2.05,2.14,2.01
2015,11,12,2.05,2.14,2.01,2.01
2015,11,11,2.14,2.01,2.01,2.11
2015,11,10,2.01,2.01,2.11,2.11
2015,11,9,2.01,2.11,2.11,2.13
2015,11,6,2.11,2.11,2.13,2.16
2015,11,5,2.11,2.13,2.16,2.09
2015,11,4,2.13,2.16,2.09,2.02
2015,11,3,2.16,2.09,2.02,1.9
2015,11,2,2.09,2.02,1.9,1.92
2015,10,30,2.02,1.9,1.92,1.94
2015,10,29,1.9,1.92,1.94,2.1
2015,10,28,1.92,1.94,2.1,2.1
2015,10,27,1.94,2.1,2.1,2.07
2015,10,26,2.1,2.1,2.07,2.14
2015,10,23,2.1,2.07,2.14,2.27
2015,10,22,2.07,2.14,2.27,2.34
2015,10,21,2.14,2.27,2.34,2.36
2015,10,20,2.27,2.34,2.36,2.45
2015,10,19,2.34,2.36,2.45,2.42
2015,10,16,2.36,2.45,2.42,2.38
2015,10,15,2.45,2.42,2.38,2.49
2015,10,14,2.42,2.38,2.49,2.44
2015,10,13,2.38,2.49,2.44,2.43
2015,10,12,2.49,2.44,2.43,2.44
2015,10,9,2.44,2.43,2.44,2.36
2015,10,8,2.43,2.44,2.36,2.44
2015,10,7,2.44,2.36,2.44,2.46
2015,10,6,2.36,2.44,2.46,2.35
2015,10,5,2.44,2.46,2.35,2.32
2015,10,2,2.46,2.35,2.32,2.26
2015,10,1,2.35,2.32,2.26,2.37
2015,9,30,2.32,2.26,2.37,2.47
2015,9,29,2.26,2.37,2.47,2.53
2015,9,28,2.37,2.47,2.53,2.63
2015,9,25,2.47,2.53,2.63,2.54
2015,9,24,2.53,2.63,2.54,2.56
2015,9,23,2.63,2.54,2.56,2.59
2015,9,22,2.54,2.56,2.59,2.59
2015,9,21,2.56,2.59,2.59,2.59
2015,9,19,2.59,2.59,2.59,2.63
2015,9,18,2.59,2.59,2.63,2.63
2015,9,17,2.59,2.63,2.63,2.68
2015,9,16,2.63,2.63,2.68,2.68
2015,9,15,2.63,2.68,2.68,2.73
2015,9,14,2.68,2.68,2.73,2.7
2015,9,13,2.68,2.73,2.7,2.66
2015,9,12,2.73,2.7,2.66,2.66
2015,9,11,2.7,2.66,2.66,2.66
2015,9,10,2.66,2.66,2.66,2.71
2015,9,9,2.66,2.66,2.71,2.73
2015,9,8,2.66,2.71,2.73,2.73
2015,9,6,2.71,2.73,2.73,2.67
2015,9,5,2.73,2.73,2.67,2.67
2015,9,4,2.73,2.67,2.67,2.67
2015,9,3,2.67,2.67,2.67,2.67
2015,9,2,2.67,2.67,2.67,2.71
2015,9,1,2.67,2.67,2.71,2.74
2015,8,31,2.67,2.71,2.74,2.68
2015,8,30,2.71,2.74,2.68,2.66
2015,8,29,2.74,2.68,2.66,2.66
2015,8,28,2.68,2.66,2.66,2.66
2015,8,27,2.66,2.66,2.66,2.68
2015,8,26,2.66,2.66,2.68,2.72
2015,8,25,2.66,2.68,2.72,2.7
2015,8,24,2.68,2.72,2.7,2.64
2015,8,23,2.72,2.7,2.64,2.7
2015,8,21,2.7,2.64,2.7,2.7
2015,8,20,2.64,2.7,2.7,2.71
2015,8,19,2.7,2.7,2.71,2.73
2015,8,18,2.7,2.71,2.73,2.71
2015,8,17,2.71,2.73,2.71,2.76
2015,8,14,2.73,2.71,2.76,2.83
2015,8,13,2.71,2.76,2.83,2.92
2015,8,12,2.76,2.83,2.92,2.91
2015,8,11,2.83,2.92,2.91,2.84
2015,8,10,2.92,2.91,2.84,2.85
2015,8,7,2.91,2.84,2.85,2.8
2015,8,6,2.84,2.85,2.8,2.76
2015,8,5,2.85,2.8,2.76,2.86
2015,8,4,2.8,2.76,2.86,2.82
2015,8,3,2.76,2.86,2.82,2.75
2015,7,31,2.86,2.82,2.75,2.77
2015,7,30,2.82,2.75,2.77,2.85
2015,7,29,2.75,2.77,2.85,2.9
2015,7,28,2.77,2.85,2.9,2.88
2015,7,27,2.85,2.9,2.88,2.83
2015,7,24,2.9,2.88,2.83,2.81
2015,7,23,2.88,2.83,2.81,2.91
2015,7,22,2.83,2.81,2.91,2.89
2015,7,21,2.81,2.91,2.89,2.88
2015,7,20,2.91,2.89,2.88,2.84
2015,7,17,2.89,2.88,2.84,2.84
2015,7,16,2.88,2.84,2.84,2.9
2015,7,15,2.84,2.84,2.9,2.92
2015,7,14,2.84,2.9,2.92,2.95
2015,7,13,2.9,2.92,2.95,2.88
2015,7,10,2.92,2.95,2.88,2.75
2015,7,9,2.95,2.88,2.75,2.69
2015,7,8,2.88,2.75,2.69,2.71
2015,7,7,2.75,2.69,2.71,2.73
2015,7,6,2.69,2.71,2.73,2.74
2015,7,2,2.71,2.73,2.74,2.79
2015,7,1,2.73,2.74,2.79,2.81
2015,6,30,2.74,2.79,2.81,2.77
2015,6,29,2.79,2.81,2.77,2.8
2015,6,26,2.81,2.77,2.8,2.77
2015,6,25,2.77,2.8,2.77,2.79
2015,6,24,2.8,2.77,2.79,2.77
2015,6,23,2.77,2.79,2.77,2.83
2015,6,22,2.79,2.77,2.83,2.77
2015,6,19,2.77,2.83,2.77,2.81
2015,6,18,2.83,2.77,2.81,2.86
2015,6,17,2.77,2.81,2.86,2.93
2015,6,16,2.81,2.86,2.93,2.93
2015,6,15,2.86,2.93,2.93,2.86
2015,6,12,2.93,2.93,2.86,2.76
2015,6,11,2.93,2.86,2.76,2.87
2015,6,10,2.86,2.76,2.87,2.92
2015,6,9,2.76,2.87,2.92,2.81
2015,6,8,2.87,2.92,2.81,2.67
2015,6,5,2.92,2.81,2.67,2.56
2015,6,4,2.81,2.67,2.56,2.59
2015,6,3,2.67,2.56,2.59,2.64
2015,6,2,2.56,2.59,2.64,2.62
2015,6,1,2.59,2.64,2.62,2.6
2015,5,29,2.64,2.62,2.6,2.64
2015,5,28,2.62,2.6,2.64,2.77
2015,5,27,2.6,2.64,2.77,2.82
2015,5,26,2.64,2.77,2.82,2.82
2015,5,22,2.77,2.82,2.82,2.88
2015,5,21,2.82,2.82,2.88,2.93
2015,5,20,2.82,2.88,2.93,2.99
2015,5,19,2.88,2.93,2.99,3.07
2015,5,18,2.93,2.99,3.07,3.01
2015,5,15,2.99,3.07,3.01,2.96
2015,5,14,3.07,3.01,2.96,2.87
2015,5,13,3.01,2.96,2.87,2.86
2015,5,12,2.96,2.87,2.86,2.86
2015,5,11,2.87,2.86,2.86,2.85
2015,5,8,2.86,2.86,2.85,2.77
2015,5,7,2.86,2.85,2.77,2.78
2015,5,6,2.85,2.77,2.78,2.75
2015,5,5,2.77,2.78,2.75,2.76
2015,5,4,2.78,2.75,2.76,2.72
2015,5,1,2.75,2.76,2.72,2.67
2015,4,30,2.76,2.72,2.67,2.57
2015,4,29,2.72,2.67,2.57,2.56
2015,4,28,2.67,2.57,2.56,2.53
2015,4,27,2.57,2.56,2.53,2.48
2015,4,24,2.56,2.53,2.48,2.56
2015,4,23,2.53,2.48,2.56,2.55
2015,4,22,2.48,2.56,2.55,2.6
2015,4,21,2.56,2.55,2.6,2.57
2015,4,20,2.55,2.6,2.57,2.54
2015,4,17,2.6,2.57,2.54,2.64
2015,4,16,2.57,2.54,2.64,2.58
2015,4,15,2.54,2.64,2.58,2.58
2015,4,14,2.64,2.58,2.58,2.55
2015,4,13,2.58,2.58,2.55,2.56
2015,4,10,2.58,2.55,2.56,2.55
2015,4,9,2.55,2.56,2.55,2.63
2015,4,8,2.56,2.55,2.63,2.67
2015,4,7,2.55,2.63,2.67,2.67
2015,4,6,2.63,2.67,2.67,2.62
2015,4,3,2.67,2.67,2.62,2.59
2015,4,2,2.67,2.62,2.59,2.59
2015,4,1,2.62,2.59,2.59,2.6
2015,3,31,2.59,2.59,2.6,2.62
2015,3,30,2.59,2.6,2.62,2.61
2015,3,27,2.6,2.62,2.61,2.63
2015,3,26,2.62,2.61,2.63,2.73
2015,3,25,2.61,2.63,2.73,2.74
2015,3,24,2.63,2.73,2.74,2.78
2015,3,23,2.73,2.74,2.78,2.69
2015,3,20,2.74,2.78,2.69,2.82
2015,3,19,2.78,2.69,2.82,2.85
2015,3,18,2.69,2.82,2.85,2.77
2015,3,17,2.82,2.85,2.77,2.79
2015,3,16,2.85,2.77,2.79,2.66
2015,3,13,2.77,2.79,2.66,2.69
2015,3,12,2.79,2.66,2.69,2.82
2015,3,11,2.66,2.69,2.82,2.79
2015,3,10,2.69,2.82,2.79,2.73
2015,3,9,2.82,2.79,2.73,2.72
2015,3,6,2.79,2.73,2.72,2.88
2015,3,5,2.73,2.72,2.88,3.27
2015,3,4,2.72,2.88,3.27,3.26
2015,3,3,2.88,3.27,3.26,2.93
2015,3,2,3.27,3.26,2.93,2.84
2015,2,27,3.26,2.93,2.84,2.77
2015,2,26,2.93,2.84,2.77,3.11
2015,2,25,2.84,2.77,3.11,3.19
2015,2,24,2.77,3.11,3.19,3.12
2015,2,23,3.11,3.19,3.12,3.19
2015,2,20,3.19,3.12,3.19,2.98
2015,2,19,3.12,3.19,2.98,2.97
2015,2,18,3.19,2.98,2.97,2.93
2015,2,17,2.98,2.97,2.93,2.95
2015,2,13,2.97,2.93,2.95,2.73
2015,2,12,2.93,2.95,2.73,2.87
2015,2,11,2.95,2.73,2.87,2.85
2015,2,10,2.73,2.87,2.85,2.63
2015,2,9,2.87,2.85,2.63,2.6
2015,2,6,2.85,2.63,2.6,2.55
2015,2,5,2.63,2.6,2.55,2.63
2015,2,4,2.6,2.55,2.63,2.73
2015,2,3,2.55,2.63,2.73,2.67
2015,2,2,2.63,2.73,2.67,2.63
2015,1,30,2.73,2.67,2.63,2.68
2015,1,29,2.67,2.63,2.68,2.88
2015,1,28,2.63,2.68,2.88,2.89
2015,1,27,2.68,2.88,2.89,2.95
2015,1,26,2.88,2.89,2.95,2.93
2015,1,23,2.89,2.95,2.93,2.96
2015,1,22,2.95,2.93,2.96,2.93
2015,1,21,2.93,2.96,2.93,2.94
2015,1,20,2.96,2.93,2.94,2.92
2015,1,16,2.93,2.94,2.92,3.09
2015,1,15,2.94,2.92,3.09,3.29
2015,1,14,2.92,3.09,3.29,3.13
2015,1,13,3.09,3.29,3.13,2.89
2015,1,12,3.29,3.13,2.89,2.9
2015,1,9,3.13,2.89,2.9,2.95
2015,1,8,2.89,2.9,2.95,2.91
2015,1,7,2.9,2.95,2.91,3.07
2015,1,6,2.95,2.91,3.07,2.96
2015,1,5,2.91,3.07,2.96,3.21
2015,1,2,3.07,2.96,3.21,2.99
2014,12,31,2.96,3.21,2.99,3
2014,12,30,3.21,2.99,3,3.12
2014,12,29,2.99,3,3.12,3.01
2014,12,24,3,3.12,3.01,2.76
2014,12,23,3.12,3.01,2.76,2.97
2014,12,22,3.01,2.76,2.97,3.04
2014,12,19,2.76,2.97,3.04,3.44
2014,12,18,2.97,3.04,3.44,3.68
2014,12,17,3.04,3.44,3.68,3.65
2014,12,16,3.44,3.68,3.65,3.56
2014,12,15,3.68,3.65,3.56,3.66
2014,12,12,3.65,3.56,3.66,3.58
2014,12,11,3.56,3.66,3.58,3.68
2014,12,10,3.66,3.58,3.68,3.61
2014,12,9,3.58,3.68,3.61,3.6
2014,12,8,3.68,3.61,3.6,3.49
2014,12,5,3.61,3.6,3.49,3.43
2014,12,4,3.6,3.49,3.43,3.55
2014,12,3,3.49,3.43,3.55,3.63
2014,12,2,3.43,3.55,3.63,3.75
2014,12,1,3.55,3.63,3.75,3.9
2014,11,27,3.63,3.75,3.9,4.24
2014,11,26,3.75,3.9,4.24,4.24
2014,11,25,3.9,4.24,4.24,4.12
2014,11,24,4.24,4.24,4.12,4.06
2014,11,21,4.24,4.12,4.06,4.31
2014,11,20,4.12,4.06,4.31,4.41
2014,11,19,4.06,4.31,4.41,4.39
2014,11,18,4.31,4.41,4.39,4.32
2014,11,17,4.41,4.39,4.32,4.22
2014,11,14,4.39,4.32,4.22,4.04
2014,11,13,4.32,4.22,4.04,4.18
2014,11,12,4.22,4.04,4.18,4.2
2014,11,11,4.04,4.18,4.2,4.06
2014,11,10,4.18,4.2,4.06,4.16
2014,11,7,4.2,4.06,4.16,4.01
2014,11,6,4.06,4.16,4.01,3.91
2014,11,5,4.16,4.01,3.91,3.8
2014,11,4,4.01,3.91,3.8,3.66
2014,11,3,3.91,3.8,3.66,3.72
2014,10,31,3.8,3.66,3.72,3.8
2014,10,30,3.66,3.72,3.8,3.74
2014,10,29,3.72,3.8,3.74,3.56
2014,10,28,3.8,3.74,3.56,3.52
2014,10,27,3.74,3.56,3.52,3.55
2014,10,24,3.56,3.52,3.55,3.54
2014,10,23,3.52,3.55,3.54,3.6
2014,10,22,3.55,3.54,3.6,3.68
2014,10,21,3.54,3.6,3.68,3.61
2014,10,20,3.6,3.68,3.61,3.68
2014,10,17,3.68,3.61,3.68,3.72
2014,10,16,3.61,3.68,3.72,3.79
2014,10,15,3.68,3.72,3.79,3.82
2014,10,14,3.72,3.79,3.82,3.91
2014,10,13,3.79,3.82,3.91,3.87
2014,10,10,3.82,3.91,3.87,3.86
2014,10,9,3.91,3.87,3.86,3.86
2014,10,8,3.87,3.86,3.86,3.88
2014,10,7,3.86,3.86,3.88,3.87
2014,10,6,3.86,3.88,3.87,3.88
2014,10,3,3.88,3.87,3.88,3.95
2014,10,2,3.87,3.88,3.95,3.99
2014,10,1,3.88,3.95,3.99,4.14
2014,9,30,3.95,3.99,4.14,4.14
2014,9,29,3.99,4.14,4.14,4.02
2014,9,26,4.14,4.14,4.02,3.9
2014,9,25,4.14,4.02,3.9,3.88
2014,9,24,4.02,3.9,3.88,3.84
2014,9,23,3.9,3.88,3.84,3.89
2014,9,22,3.88,3.84,3.89,3.87
2014,9,19,3.84,3.89,3.87,3.86
2014,9,18,3.89,3.87,3.86,3.96
2014,9,17,3.87,3.86,3.96,3.97
2014,9,16,3.86,3.96,3.97,3.85
2014,9,15,3.96,3.97,3.85,3.91
2014,9,12,3.97,3.85,3.91,3.81
2014,9,11,3.85,3.91,3.81,3.93
2014,9,10,3.91,3.81,3.93,3.96
2014,9,9,3.81,3.93,3.96,3.94
2014,9,8,3.93,3.96,3.94,3.85
2014,9,5,3.96,3.94,3.85,3.84
2014,9,4,3.94,3.85,3.84,3.89
2014,9,3,3.85,3.84,3.89,3.94
2014,9,2,3.84,3.89,3.94,4.01
2014,8,29,3.89,3.94,4.01,4.02
2014,8,28,3.94,4.01,4.02,4.02
2014,8,27,4.01,4.02,4.02,3.99
2014,8,26,4.02,4.02,3.99,3.94
2014,8,25,4.02,3.99,3.94,3.92
2014,8,22,3.99,3.94,3.92,3.85
2014,8,21,3.94,3.92,3.85,3.87
2014,8,20,3.92,3.85,3.87,3.85
2014,8,19,3.85,3.87,3.85,3.84
2014,8,18,3.87,3.85,3.84,3.76
2014,8,15,3.85,3.84,3.76,3.76
2014,8,14,3.84,3.76,3.76,3.83
2014,8,13,3.76,3.76,3.83,3.87
2014,8,12,3.76,3.83,3.87,3.92
2014,8,11,3.83,3.87,3.92,3.95
2014,8,8,3.87,3.92,3.95,3.91
2014,8,7,3.92,3.95,3.91,3.97
2014,8,6,3.95,3.91,3.97,3.89
2014,8,5,3.91,3.97,3.89,3.85
2014,8,4,3.97,3.89,3.85,3.79
2014,8,1,3.89,3.85,3.79,3.75
2014,7,31,3.85,3.79,3.75,3.74
2014,7,30,3.79,3.75,3.74,3.76
2014,7,29,3.75,3.74,3.76,3.75
2014,7,28,3.74,3.76,3.75,3.82
2014,7,25,3.76,3.75,3.82,3.79
2014,7,24,3.75,3.82,3.79,3.8
2014,7,23,3.82,3.79,3.8,3.79
2014,7,22,3.79,3.8,3.79,3.8
2014,7,21,3.8,3.79,3.8,3.84
2014,7,18,3.79,3.8,3.84,3.91
2014,7,17,3.8,3.84,3.91,4.03
2014,7,16,3.84,3.91,4.03,4.1
2014,7,15,3.91,4.03,4.1,4.11
2014,7,14,4.03,4.1,4.11,4.1
2014,7,11,4.1,4.11,4.1,4.09
2014,7,10,4.11,4.1,4.09,4.11
2014,7,9,4.1,4.09,4.11,4.15
2014,7,8,4.09,4.11,4.15,4.16
2014,7,7,4.11,4.15,4.16,4.25
2014,7,3,4.15,4.16,4.25,4.29
2014,7,2,4.16,4.25,4.29,4.39
2014,7,1,4.25,4.29,4.39,4.43
2014,6,30,4.29,4.39,4.43,4.42
2014,6,27,4.39,4.43,4.42,4.38
2014,6,26,4.43,4.42,4.38,4.55
2014,6,25,4.42,4.38,4.55,4.57
2014,6,24,4.38,4.55,4.57,4.49
2014,6,23,4.55,4.57,4.49,4.48
2014,6,20,4.57,4.49,4.48,4.51
2014,6,19,4.49,4.48,4.51,4.64
2014,6,18,4.48,4.51,4.64,4.7
2014,6,17,4.51,4.64,4.7,4.66
2014,6,16,4.64,4.7,4.66,4.7
2014,6,13,4.7,4.66,4.7,4.67
2014,6,12,4.66,4.7,4.67,4.5
2014,6,11,4.7,4.67,4.5,4.5
2014,6,10,4.67,4.5,4.5,4.57
2014,6,9,4.5,4.5,4.57,4.66
2014,6,6,4.5,4.57,4.66,4.65
2014,6,5,4.57,4.66,4.65,4.64
2014,6,4,4.66,4.65,4.64,4.57
2014,6,3,4.65,4.64,4.57,4.59
2014,6,2,4.64,4.57,4.59,4.53
2014,5,30,4.57,4.59,4.53,4.49
2014,5,29,4.59,4.53,4.49,4.61
2014,5,28,4.53,4.49,4.61,4.54
2014,5,27,4.49,4.61,4.54,4.43
2014,5,23,4.61,4.54,4.43,4.38
2014,5,22,4.54,4.43,4.38,4.47
2014,5,21,4.43,4.38,4.47,4.57
2014,5,20,4.38,4.47,4.57,4.52
2014,5,19,4.47,4.57,4.52,4.52
2014,5,16,4.57,4.52,4.52,4.43
2014,5,15,4.52,4.52,4.43,4.35
2014,3,24,4.52,4.43,4.35,4.276
2014,3,20,4.43,4.35,4.276,4.365
2014,3,19,4.35,4.276,4.365,4.45
2014,3,18,4.276,4.365,4.45,4.483
2014,3,17,4.365,4.45,4.483,4.58
2014,3,14,4.45,4.483,4.58,4.368
2014,3,13,4.483,4.58,4.368,4.373
2014,3,12,4.58,4.368,4.373,4.685
2014,3,11,4.368,4.373,4.685,4.673
2014,3,10,4.373,4.685,4.673,4.635
2014,3,7,4.685,4.673,4.635,4.76
2014,3,6,4.673,4.635,4.76,4.925
2014,3,5,4.635,4.76,4.925,6.5
2014,3,4,4.76,4.925,6.5,7.775
2014,3,3,4.925,6.5,7.775,6.7
2014,2,28,6.5,7.775,6.7,4.74
2014,2,27,7.775,6.7,4.74,4.57
2014,2,26,6.7,4.74,4.57,4.845
2014,2,25,4.74,4.57,4.845,5.62
2014,2,24,4.57,4.845,5.62,6.275
2014,2,21,4.845,5.62,6.275,6.2
2014,2,20,5.62,6.275,6.2,5.925
2014,2,19,6.275,6.2,5.925,5.975
2014,2,18,6.2,5.925,5.975,5.8
2014,2,14,5.925,5.975,5.8,5.534
2014,2,13,5.975,5.8,5.534,5.335
2014,2,12,5.8,5.534,5.335,6.275
2014,2,11,5.534,5.335,6.275,7.625
2014,2,10,5.335,6.275,7.625,7.575
2014,2,7,6.275,7.625,7.575,6.175
2014,2,6,7.625,7.575,6.175,7.6
2014,2,5,7.575,6.175,7.6,7.45
2014,2,4,6.175,7.6,7.45,5.65
2014,2,3,7.6,7.45,5.65,5.065
2014,1,31,7.45,5.65,5.065,4.995
2014,1,30,5.65,5.065,4.995,5.285
2014,1,29,5.065,4.995,5.285,5.205
2014,1,28,4.995,5.285,5.205,5.24
2014,1,27,5.285,5.205,5.24,5.75
2014,1,24,5.205,5.24,5.75,5.165
2014,1,23,5.24,5.75,5.165,5.345
2014,1,22,5.75,5.165,5.345,4.883
2014,1,21,5.165,5.345,4.883,4.575
2014,1,17,5.345,4.883,4.575,4.4
2014,1,16,4.883,4.575,4.4,4.528
2014,1,15,4.575,4.4,4.528,4.429
2014,1,14,4.4,4.528,4.429,4.35
2014,1,13,4.528,4.429,4.35,4.183
2014,1,10,4.429,4.35,4.183,3.969
2014,1,9,4.35,4.183,3.969,4.14
2014,1,8,4.183,3.969,4.14,4.35
2014,1,7,3.969,4.14,4.35,4.53
2014,1,6,4.14,4.35,4.53,4.499
2014,1,3,4.35,4.53,4.499,4.34
2014,1,2,4.53,4.499,4.34,4.32
2013,12,31,4.499,4.34,4.32,4.315
2013,12,30,4.34,4.32,4.315,4.403
2013,12,27,4.32,4.315,4.403,4.33
2013,12,26,4.315,4.403,4.33,4.398
2013,12,24,4.403,4.33,4.398,4.435
2013,12,23,4.33,4.398,4.435,4.508
2013,12,20,4.398,4.435,4.508,4.345
2013,12,19,4.435,4.508,4.345,4.266
2013,12,18,4.508,4.345,4.266,4.255
2013,12,17,4.345,4.266,4.255,4.211
2013,12,16,4.266,4.255,4.211,4.248
2013,12,13,4.255,4.211,4.248,4.376
2013,12,12,4.211,4.248,4.376,4.398
2013,12,11,4.248,4.376,4.398,4.225
2013,12,10,4.376,4.398,4.225,4.313
2013,12,9,4.398,4.225,4.313,4.228
2013,12,6,4.225,4.313,4.228,4.138
2013,12,5,4.313,4.228,4.138,3.975
2013,12,4,4.228,4.138,3.975,3.925
2013,12,3,4.138,3.975,3.925,3.83
2013,12,2,3.975,3.925,3.83,3.828
2013,11,29,3.925,3.83,3.828,3.781
2013,11,27,3.83,3.828,3.781,3.781
2013,11,26,3.828,3.781,3.781,3.845
2013,11,25,3.781,3.781,3.845,3.86
2013,11,22,3.781,3.845,3.86,3.78
2013,11,21,3.845,3.86,3.78,3.678
2013,11,20,3.86,3.78,3.678,3.62
2013,11,19,3.78,3.678,3.62,3.628
2013,11,18,3.678,3.62,3.628,3.688
2013,11,15,3.62,3.628,3.688,3.564
2013,11,14,3.628,3.688,3.564,3.525
2013,11,13,3.688,3.564,3.525,3.665
2013,11,12,3.564,3.525,3.665,3.689
2013,11,11,3.525,3.665,3.689,3.615
2013,11,8,3.665,3.689,3.615,3.533
2013,11,7,3.689,3.615,3.533,3.555
2013,11,6,3.615,3.533,3.555,3.469
2013,11,5,3.533,3.555,3.469,3.363
2013,11,4,3.555,3.469,3.363,3.385
2013,11,1,3.469,3.363,3.385,3.46
2013,10,31,3.363,3.385,3.46,3.56
2013,10,30,3.385,3.46,3.56,3.565
2013,10,29,3.46,3.56,3.565,3.565
2013,10,28,3.56,3.565,3.565,3.623
2013,10,25,3.565,3.565,3.623,3.674
2013,10,24,3.565,3.623,3.674,3.62
2013,10,23,3.623,3.674,3.62,3.655
2013,10,22,3.674,3.62,3.655,3.685
2013,10,21,3.62,3.655,3.685,3.765
2013,10,18,3.655,3.685,3.765,3.715
2013,10,17,3.685,3.765,3.715,3.749
2013,10,15,3.765,3.715,3.749,3.815
2013,10,14,3.715,3.749,3.815,3.8
2013,10,11,3.749,3.815,3.8,3.733
2013,10,10,3.815,3.8,3.733,3.745
2013,10,9,3.8,3.733,3.745,3.7
2013,10,8,3.733,3.745,3.7,3.694
2013,10,7,3.745,3.7,3.694,3.583
2013,10,4,3.7,3.694,3.583,3.545
2013,10,3,3.694,3.583,3.545,3.573
2013,10,2,3.583,3.545,3.573,3.605
2013,10,1,3.545,3.573,3.605,3.58
2013,9,30,3.573,3.605,3.58,3.518
2013,9,27,3.605,3.58,3.518,3.496
2013,9,26,3.58,3.518,3.496,3.463
2013,9,25,3.518,3.496,3.463,3.518
2013,9,24,3.496,3.463,3.518,3.578
2013,9,23,3.463,3.518,3.578,3.65
2013,9,20,3.518,3.578,3.65,3.679
2013,9,19,3.578,3.65,3.679,3.729
2013,9,18,3.65,3.679,3.729,3.723
2013,9,17,3.679,3.729,3.723,3.76
2013,9,16,3.729,3.723,3.76,3.683
2013,9,13,3.723,3.76,3.683,3.643
2013,9,12,3.76,3.683,3.643,3.645
2013,9,11,3.683,3.643,3.645,3.596
2013,9,10,3.643,3.645,3.596,3.626
2013,9,9,3.645,3.596,3.626,3.595
2013,9,6,3.596,3.626,3.595,3.55
2013,9,5,3.626,3.595,3.55,3.691
2013,9,4,3.595,3.55,3.691,3.689
2013,9,3,3.55,3.691,3.689,3.655
2013,8,30,3.691,3.689,3.655,3.57
2013,8,29,3.689,3.655,3.57,3.568
2013,8,28,3.655,3.57,3.568,3.558
2013,8,27,3.57,3.568,3.558,3.508
2013,8,26,3.568,3.558,3.508,3.551
2013,8,23,3.558,3.508,3.551,3.513
2013,8,22,3.508,3.551,3.513,3.515
2013,8,21,3.551,3.513,3.515,3.509
2013,8,20,3.513,3.515,3.509,3.493
2013,8,19,3.515,3.509,3.493,3.468
2013,8,16,3.509,3.493,3.468,3.36
2013,8,15,3.493,3.468,3.36,3.334
2013,8,14,3.468,3.36,3.334,3.36
2013,8,13,3.36,3.334,3.36,3.335
2013,8,12,3.334,3.36,3.335,3.361
2013,8,9,3.36,3.335,3.361,3.321
2013,8,8,3.335,3.361,3.321,3.265
2013,8,7,3.361,3.321,3.265,3.304
2013,8,6,3.321,3.265,3.304,3.356
2013,8,5,3.265,3.304,3.356,3.33
2013,8,2,3.304,3.356,3.33,3.393
2013,8,1,3.356,3.33,3.393,3.418
2013,7,31,3.33,3.393,3.418,3.444
2013,7,30,3.393,3.418,3.444,3.458
2013,7,29,3.418,3.444,3.458,3.473
2013,7,26,3.444,3.458,3.473,3.593
2013,7,25,3.458,3.473,3.593,3.654
2013,7,24,3.473,3.593,3.654,3.709
2013,7,23,3.593,3.654,3.709,3.71
2013,7,22,3.654,3.709,3.71,3.698
2013,7,19,3.709,3.71,3.698,3.794
2013,7,18,3.71,3.698,3.794,3.723
2013,7,17,3.698,3.794,3.723,3.673
2013,7,16,3.794,3.723,3.673,3.674
2013,7,15,3.723,3.673,3.674,3.68
2013,7,12,3.673,3.674,3.68,3.618
2013,7,11,3.674,3.68,3.618,3.645
2013,7,10,3.68,3.618,3.645,3.702
2013,7,9,3.618,3.645,3.702,3.695
2013,7,8,3.645,3.702,3.695,3.66
2013,7,5,3.702,3.695,3.66,3.536
2013,7,3,3.695,3.66,3.536,3.515
2013,7,2,3.66,3.536,3.515,3.57
2013,7,1,3.536,3.515,3.57,3.533
2013,6,28,3.515,3.57,3.533,3.56
2013,6,27,3.57,3.533,3.56,3.735
2013,6,26,3.533,3.56,3.735,3.726
2013,6,25,3.56,3.735,3.726,3.765
2013,6,24,3.735,3.726,3.765,3.82
2013,6,21,3.726,3.765,3.82,3.869
2013,6,20,3.765,3.82,3.869,3.9
2013,6,19,3.82,3.869,3.9,3.94
2013,6,18,3.869,3.9,3.94,3.906
2013,6,17,3.9,3.94,3.906,3.794
2013,6,14,3.94,3.906,3.794,3.75
2013,6,13,3.906,3.794,3.75,3.729
2013,6,12,3.794,3.75,3.729,3.785
2013,6,11,3.75,3.729,3.785,3.761
2013,6,10,3.729,3.785,3.761,3.849
2013,6,7,3.785,3.761,3.849,3.77
2013,6,6,3.761,3.849,3.77,3.848
2013,6,5,3.849,3.77,3.848,3.955
2013,6,4,3.77,3.848,3.955,3.999
2013,6,3,3.848,3.955,3.999,4.004
2013,5,31,3.955,3.999,4.004,4.003
2013,5,30,3.999,4.004,4.003,4.13
2013,5,29,4.004,4.003,4.13,4.13
2013,5,28,4.003,4.13,4.13,4.168
2013,5,24,4.13,4.13,4.168,4.16
2013,5,23,4.13,4.168,4.16,4.13
2013,5,22,4.168,4.16,4.13,4.158
2013,5,21,4.16,4.13,4.158,4.138
2013,5,20,4.13,4.158,4.138,4.103
2013,5,17,4.158,4.138,4.103,3.89
2013,5,16,4.138,4.103,3.89,4.01
2013,5,15,4.103,3.89,4.01,4.01
2013,5,14,3.89,4.01,4.01,3.95
2013,5,13,4.01,4.01,3.95,3.879
2013,5,10,4.01,3.95,3.879,3.905
2013,5,9,3.95,3.879,3.905,3.888
2013,5,8,3.879,3.905,3.888,3.869
2013,5,7,3.905,3.888,3.869,3.881
2013,5,6,3.888,3.869,3.881,3.926
2013,5,3,3.869,3.881,3.926,3.96
2013,5,2,3.881,3.926,3.96,4.225
2013,5,1,3.926,3.96,4.225,4.321
2013,4,30,3.96,4.225,4.321,4.283
2013,4,29,4.225,4.321,4.283,4.27
2013,4,26,4.321,4.283,4.27,4.11
2013,4,25,4.283,4.27,4.11,4.179
2013,4,24,4.27,4.11,4.179,4.275
2013,4,23,4.11,4.179,4.275,4.289
2013,4,22,4.179,4.275,4.289,4.329
2013,4,19,4.275,4.289,4.329,4.374
2013,4,18,4.289,4.329,4.374,4.245
2013,4,17,4.329,4.374,4.245,4.233
2013,4,16,4.374,4.245,4.233,4.191
2013,4,15,4.245,4.233,4.191,4.244
2013,4,12,4.233,4.191,4.244,4.215
2013,4,11,4.191,4.244,4.215,4.12
2013,4,10,4.244,4.215,4.12,4.105
2013,4,9,4.215,4.12,4.105,4.065
2013,4,8,4.12,4.105,4.065,4.18
2013,4,5,4.105,4.065,4.18,4.023
2013,4,4,4.065,4.18,4.023,3.955
2013,4,3,4.18,4.023,3.955,4.013
2013,4,2,4.023,3.955,4.013,4.053
2013,4,1,3.955,4.013,4.053,4.043
2013,3,28,4.013,4.053,4.043,4.055
2013,3,27,4.053,4.043,4.055,4.064
2013,3,26,4.043,4.055,4.064,3.999
2013,3,25,4.055,4.064,3.999,4.068
2013,3,22,4.064,3.999,4.068,4.015
2013,3,21,3.999,4.068,4.015,4.006
2013,3,20,4.068,4.015,4.006,3.975
2013,3,19,4.015,4.006,3.975,3.95
2013,3,18,4.006,3.975,3.95,3.978
2013,3,15,3.975,3.95,3.978,3.883
2013,3,14,3.95,3.978,3.883,3.808
2013,3,13,3.978,3.883,3.808,3.719
2013,3,12,3.883,3.808,3.719,3.705
2013,3,11,3.808,3.719,3.705,3.683
2013,3,8,3.719,3.705,3.683,3.581
2013,3,7,3.705,3.683,3.581,3.549
2013,3,6,3.683,3.581,3.549,3.573
2013,3,5,3.581,3.549,3.573,3.634
2013,3,4,3.549,3.573,3.634,3.54
2013,3,1,3.573,3.634,3.54,3.541
2013,2,28,3.634,3.54,3.541,3.535
2013,2,27,3.54,3.541,3.535,3.535
2013,2,26,3.541,3.535,3.535,3.455
2013,2,25,3.535,3.535,3.455,3.423
2013,2,22,3.535,3.455,3.423,3.289
2013,2,21,3.455,3.423,3.289,3.29
2013,2,20,3.423,3.289,3.29,3.335
2013,2,19,3.289,3.29,3.335,3.25
2013,2,15,3.29,3.335,3.25,3.205
2013,2,14,3.335,3.25,3.205,3.284
2013,2,13,3.25,3.205,3.284,3.293
2013,2,12,3.205,3.284,3.293,3.315
2013,2,11,3.284,3.293,3.315,3.215
2013,2,8,3.293,3.315,3.215,3.271
2013,2,7,3.315,3.215,3.271,3.377
2013,2,6,3.215,3.271,3.377,3.38
2013,2,5,3.271,3.377,3.38,3.34
2013,2,4,3.377,3.38,3.34,3.29
2013,2,1,3.38,3.34,3.29,3.343
2013,1,31,3.34,3.29,3.343,3.334
2013,1,30,3.29,3.343,3.334,3.238
2013,1,29,3.343,3.334,3.238,3.191
2013,1,28,3.334,3.238,3.191,3.235
2013,1,25,3.238,3.191,3.235,3.408
2013,1,24,3.191,3.235,3.408,3.555
2013,1,23,3.235,3.408,3.555,3.545
2013,1,22,3.408,3.555,3.545,3.578
2013,1,18,3.555,3.545,3.578,3.505
2013,1,17,3.545,3.578,3.505,3.42
2013,1,16,3.578,3.505,3.42,3.455
2013,1,15,3.505,3.42,3.455,3.398
2013,1,14,3.42,3.455,3.398,3.39
2013,1,11,3.455,3.398,3.39,3.198
2013,1,10,3.398,3.39,3.198,3.074
2013,1,9,3.39,3.198,3.074,3.12
2013,1,8,3.198,3.074,3.12,3.213
2013,1,7,3.074,3.12,3.213,3.31
2013,1,4,3.12,3.213,3.31,3.24
2013,1,3,3.213,3.31,3.24,3.188
2013,1,2,3.31,3.24,3.188,3.274
2012,12,31,3.24,3.188,3.274,3.404
2012,12,28,3.188,3.274,3.404,3.403
2012,12,27,3.274,3.404,3.403,3.333
2012,12,26,3.404,3.403,3.333,3.355
2012,12,24,3.403,3.333,3.355,3.283
2012,12,21,3.333,3.355,3.283,3.405
2012,12,20,3.355,3.283,3.405,3.343
2012,12,19,3.283,3.405,3.343,3.258
2012,12,18,3.405,3.343,3.258,3.285
2012,12,17,3.343,3.258,3.285,3.213
2012,12,14,3.258,3.285,3.213,3.153
2012,12,13,3.285,3.213,3.153,3.265
2012,12,12,3.213,3.153,3.265,3.331
2012,12,11,3.153,3.265,3.331,3.375
2012,12,10,3.265,3.331,3.375,3.363
2012,12,7,3.331,3.375,3.363,3.335
2012,12,6,3.375,3.363,3.335,3.383
2012,12,5,3.363,3.335,3.383,3.405
2012,12,4,3.335,3.383,3.405,3.37
2012,12,3,3.383,3.405,3.37,3.439
2012,11,30,3.405,3.37,3.439,3.483
2012,11,29,3.37,3.439,3.483,3.64
2012,11,28,3.439,3.483,3.64,3.68
2012,11,27,3.483,3.64,3.68,3.761
2012,11,26,3.64,3.68,3.761,3.765
2012,11,21,3.68,3.761,3.765,3.683
2012,11,20,3.761,3.765,3.683,3.615
2012,11,19,3.765,3.683,3.615,3.645
2012,11,16,3.683,3.615,3.645,3.503
2012,11,15,3.615,3.645,3.503,3.63
2012,11,14,3.645,3.503,3.63,3.655
2012,11,13,3.503,3.63,3.655,3.58
2012,11,12,3.63,3.655,3.58,3.409
2012,11,9,3.655,3.58,3.409,3.318
2012,11,8,3.58,3.409,3.318,3.443
2012,11,7,3.409,3.318,3.443,3.473
2012,11,6,3.318,3.443,3.473,3.378
2012,11,5,3.443,3.473,3.378,3.333
2012,11,2,3.473,3.378,3.333,3.393
2012,11,1,3.378,3.333,3.393,3.505
2012,10,31,3.333,3.393,3.505,3.49
2012,10,30,3.393,3.505,3.49,3.42
2012,10,29,3.505,3.49,3.42,3.406
2012,10,26,3.49,3.42,3.406,3.346
2012,10,25,3.42,3.406,3.346,3.358
2012,10,24,3.406,3.346,3.358,3.428
2012,10,23,3.346,3.358,3.428,3.345
2012,10,22,3.358,3.428,3.345,3.485
2012,10,19,3.428,3.345,3.485,3.385
2012,10,18,3.345,3.485,3.385,3.295
2012,10,17,3.485,3.385,3.295,3.268
2012,10,16,3.385,3.295,3.268,3.264
2012,10,15,3.295,3.268,3.264,3.345
2012,10,12,3.268,3.264,3.345,3.35
2012,10,11,3.264,3.345,3.35,3.335
2012,10,10,3.345,3.35,3.335,3.238
2012,10,9,3.35,3.335,3.238,3.178
2012,10,8,3.335,3.238,3.178,3.19
2012,10,5,3.238,3.178,3.19,3.193
2012,10,4,3.178,3.19,3.193,3.233
2012,10,3,3.19,3.193,3.233,3.21
2012,10,2,3.193,3.233,3.21,3.22
2012,10,1,3.233,3.21,3.22,3.185
2012,9,28,3.21,3.22,3.185,3.051
2012,9,27,3.22,3.185,3.051,2.978
2012,9,26,3.185,3.051,2.978,2.935
2012,9,25,3.051,2.978,2.935,2.863
2012,9,24,2.978,2.935,2.863,2.82
2012,9,21,2.935,2.863,2.82,2.771
2012,9,20,2.863,2.82,2.771,2.764
2012,9,19,2.82,2.771,2.764,2.7
2012,9,18,2.771,2.764,2.7,2.743
2012,9,17,2.764,2.7,2.743,2.794
2012,9,14,2.7,2.743,2.794,2.898
2012,9,13,2.743,2.794,2.898,2.965
2012,9,12,2.794,2.898,2.965,2.941
2012,9,11,2.898,2.965,2.941,2.835
2012,9,10,2.965,2.941,2.835,2.678
2012,9,7,2.941,2.835,2.678,2.733
2012,9,6,2.835,2.678,2.733,2.844
2012,9,5,2.678,2.733,2.844,2.88
2012,9,4,2.733,2.844,2.88,2.859
2012,8,31,2.844,2.88,2.859,2.74
2012,8,30,2.88,2.859,2.74,2.728
2012,8,29,2.859,2.74,2.728,2.65
2012,8,28,2.74,2.728,2.65,2.71
2012,8,27,2.728,2.65,2.71,2.798
2012,8,24,2.65,2.71,2.798,2.788
2012,8,23,2.71,2.798,2.788,2.773
2012,8,22,2.798,2.788,2.773,2.818
2012,8,21,2.788,2.773,2.818,2.785
2012,8,20,2.773,2.818,2.785,2.725
2012,8,17,2.818,2.785,2.725,2.715
2012,8,16,2.785,2.725,2.715,2.77
2012,8,15,2.725,2.715,2.77,2.781
2012,8,14,2.715,2.77,2.781,2.804
2012,8,13,2.77,2.781,2.804,2.775
2012,8,10,2.781,2.804,2.775,2.828
2012,8,9,2.804,2.775,2.828,2.933
2012,8,8,2.775,2.828,2.933,2.971
2012,8,7,2.828,2.933,2.971,2.99
2012,8,6,2.933,2.971,2.99,2.908
2012,8,3,2.971,2.99,2.908,2.92
2012,8,2,2.99,2.908,2.92,3.091
2012,8,1,2.908,2.92,3.091,3.199
2012,7,31,2.92,3.091,3.199,3.22
2012,7,30,3.091,3.199,3.22,3.158
2012,7,27,3.199,3.22,3.158,3.09
2012,7,26,3.22,3.158,3.09,3.118
2012,7,25,3.158,3.09,3.118,3.148
2012,7,24,3.09,3.118,3.148,3.156
2012,7,23,3.118,3.148,3.156,3.095
2012,7,20,3.148,3.156,3.095,3.033
2012,7,19,3.156,3.095,3.033,2.99
2012,7,18,3.095,3.033,2.99,2.86
2012,7,17,3.033,2.99,2.86,2.83
2012,7,16,2.99,2.86,2.83,2.904
2012,7,13,2.86,2.83,2.904,2.876
2012,7,12,2.83,2.904,2.876,2.789
2012,7,11,2.904,2.876,2.789,2.735
2012,7,10,2.876,2.789,2.735,2.855
2012,7,9,2.789,2.735,2.855,2.815
2012,7,6,2.735,2.855,2.815,2.919
2012,7,5,2.855,2.815,2.919,2.914
2012,7,3,2.815,2.919,2.914,2.801
2012,7,2,2.919,2.914,2.801,2.755
2012,6,29,2.914,2.801,2.755,2.738
2012,6,28,2.801,2.755,2.738,2.778
2012,6,27,2.755,2.738,2.778,2.88
2012,6,26,2.738,2.778,2.88,2.699
2012,6,25,2.778,2.88,2.699,2.705
2012,6,22,2.88,2.699,2.705,2.543
2012,6,21,2.699,2.705,2.543,2.528
2012,6,20,2.705,2.543,2.528,2.595
2012,6,19,2.543,2.528,2.595,2.59
2012,6,18,2.528,2.595,2.59,2.455
2012,6,15,2.595,2.59,2.455,2.413
2012,6,14,2.59,2.455,2.413,2.194
2012,6,13,2.455,2.413,2.194,2.195
2012,6,12,2.413,2.194,2.195,2.19
2012,6,11,2.194,2.195,2.19,2.224
2012,6,8,2.195,2.19,2.224,2.243
2012,6,7,2.19,2.224,2.243,2.319
2012,6,6,2.224,2.243,2.319,2.395
2012,6,5,2.243,2.319,2.395,2.394
2012,6,4,2.319,2.395,2.394,2.32
2012,6,1,2.395,2.394,2.32,2.235
2012,5,31,2.394,2.32,2.235,2.33
2012,5,30,2.32,2.235,2.33,2.395
2012,5,29,2.235,2.33,2.395,2.5
2012,5,25,2.33,2.395,2.5,2.575
2012,5,24,2.395,2.5,2.575,2.65
2012,5,23,2.5,2.575,2.65,2.601
2012,5,22,2.575,2.65,2.601,2.588
2012,5,21,2.65,2.601,2.588,2.595
2012,5,18,2.601,2.588,2.595,2.563
2012,5,17,2.588,2.595,2.563,2.559
2012,5,16,2.595,2.563,2.559,2.5
2012,5,15,2.563,2.559,2.5,2.395
2012,5,14,2.559,2.5,2.395,2.41
2012,5,11,2.5,2.395,2.41,2.361
2012,5,10,2.395,2.41,2.361,2.34
2012,5,9,2.41,2.361,2.34,2.368
2012,5,8,2.361,2.34,2.368,2.27
2012,5,7,2.34,2.368,2.27,2.298
2012,5,4,2.368,2.27,2.298,2.288
2012,5,3,2.27,2.298,2.288,2.294
2012,5,2,2.298,2.288,2.294,2.288
2012,5,1,2.288,2.294,2.288,2.288
2012,4,30,2.294,2.288,2.288,2.11
2012,4,27,2.288,2.288,2.11,2.03
2012,4,26,2.288,2.11,2.03,2.083
2012,4,25,2.11,2.03,2.083,1.998
2012,4,24,2.03,2.083,1.998,1.98
2012,4,23,2.083,1.998,1.98,1.92
2012,4,20,1.998,1.98,1.92,1.851
2012,4,19,1.98,1.92,1.851,1.831
2012,4,18,1.92,1.851,1.831,1.859
2012,4,17,1.851,1.831,1.859,1.88
2012,4,16,1.831,1.859,1.88,1.885
2012,4,13,1.859,1.88,1.885,1.878
2012,4,12,1.88,1.885,1.878,1.888
2012,4,11,1.885,1.878,1.888,1.91
2012,4,10,1.878,1.888,1.91,1.983
2012,4,9,1.888,1.91,1.983,1.975
2012,4,5,1.91,1.983,1.975,1.98
2012,4,4,1.983,1.975,1.98,2.059
2012,4,3,1.975,1.98,2.059,1.985
2012,4,2,1.98,2.059,1.985,1.905
2012,3,30,2.059,1.985,1.905,1.959
2012,3,29,1.985,1.905,1.959,2.034
2012,3,28,1.905,1.959,2.034,2.036
2012,3,27,1.959,2.034,2.036,2.086
2012,3,26,2.034,2.036,2.086,2.165
2012,3,23,2.036,2.086,2.165,2.078
2012,3,22,2.086,2.165,2.078,2.135
2012,3,21,2.165,2.078,2.135,2.185
2012,3,20,2.078,2.135,2.185,2.188
2012,3,19,2.135,2.185,2.188,2.125
2012,3,16,2.185,2.188,2.125,2.06
2012,3,15,2.188,2.125,2.06,2.075
2012,3,14,2.125,2.06,2.075,2.118
2012,3,13,2.06,2.075,2.118,2.148
2012,3,12,2.075,2.118,2.148,2.163
2012,3,9,2.118,2.148,2.163,2.194
2012,3,8,2.148,2.163,2.194,2.185
2012,3,7,2.163,2.194,2.185,2.233
2012,3,6,2.194,2.185,2.233,2.298
2012,3,5,2.185,2.233,2.298,2.311
2012,3,2,2.233,2.298,2.311,2.383
2012,3,1,2.298,2.311,2.383,2.395
2012,2,29,2.311,2.383,2.395,2.426
2012,2,28,2.383,2.395,2.426,2.43
2012,2,27,2.395,2.426,2.43,2.555
2012,2,24,2.426,2.43,2.555,2.599
2012,2,23,2.43,2.555,2.599,2.669
2012,2,22,2.555,2.599,2.669,2.61
2012,2,21,2.599,2.669,2.61,2.624
2012,2,17,2.669,2.61,2.624,2.675
2012,2,16,2.61,2.624,2.675,2.505
2012,2,15,2.624,2.675,2.505,2.535
2012,2,14,2.675,2.505,2.535,2.515
2012,2,13,2.505,2.535,2.515,2.43
2012,2,10,2.535,2.515,2.43,2.528
2012,2,9,2.515,2.43,2.528,2.495
2012,2,8,2.43,2.528,2.495,2.478
2012,2,7,2.528,2.495,2.478,2.585
2012,2,6,2.495,2.478,2.585,2.483
2012,2,3,2.478,2.585,2.483,2.413
2012,2,2,2.585,2.483,2.413,2.345
2012,2,1,2.483,2.413,2.345,2.328
2012,1,31,2.413,2.345,2.328,2.495
2012,1,30,2.345,2.328,2.495,2.751
2012,1,27,2.328,2.495,2.751,2.59
2012,1,26,2.495,2.751,2.59,2.67
2012,1,25,2.751,2.59,2.67,2.625
2012,1,24,2.59,2.67,2.625,2.598
2012,1,23,2.67,2.625,2.598,2.323
2012,1,20,2.625,2.598,2.323,2.255
2012,1,19,2.598,2.323,2.255,2.36
2012,1,18,2.323,2.255,2.36,2.491
2012,1,17,2.255,2.36,2.491,2.473
2012,1,13,2.36,2.491,2.473,2.665
2012,1,12,2.491,2.473,2.665,2.703
2012,1,11,2.473,2.665,2.703,2.775
2012,1,10,2.665,2.703,2.775,2.958
2012,1,9,2.703,2.775,2.958,2.9
2012,1,6,2.775,2.958,2.9,2.865
2012,1,5,2.958,2.9,2.865,2.908
2012,1,4,2.9,2.865,2.908,2.965
2012,1,3,2.865,2.908,2.965,2.955
2011,12,30,2.908,2.965,2.955,2.963
2011,12,29,2.965,2.955,2.963,2.979
2011,12,28,2.955,2.963,2.979,3.073
2011,12,27,2.963,2.979,3.073,3.091
2011,12,23,2.979,3.073,3.091,2.97
2011,12,22,3.073,3.091,2.97,3.012
2011,12,21,3.091,2.97,3.012,3.035
2011,12,19,2.97,3.012,3.035,3.034
2011,12,16,3.012,3.035,3.034,3.06
2011,12,15,3.035,3.034,3.06,3.06
2011,12,14,3.034,3.06,3.06,3.073
2011,12,13,3.06,3.06,3.073,3.116
2011,12,12,3.06,3.073,3.116,3.125
2011,12,9,3.073,3.116,3.125,3.306
2011,12,8,3.116,3.125,3.306,3.425
2011,12,7,3.125,3.306,3.425,3.436
2011,12,6,3.306,3.425,3.436,3.409
2011,12,5,3.425,3.436,3.409,3.41
2011,12,2,3.436,3.409,3.41,3.368
2011,12,1,3.409,3.41,3.368,3.47
2011,11,30,3.41,3.368,3.47,3.536
2011,11,29,3.368,3.47,3.536,3.378
2011,11,28,3.47,3.536,3.378,3.12
2011,11,23,3.536,3.378,3.12,2.563
2011,11,22,3.378,3.12,2.563,3.038
2011,11,21,3.12,2.563,3.038,2.928
2011,11,18,2.563,3.038,2.928,3.014
2011,11,17,3.038,2.928,3.014,3.12
2011,11,16,2.928,3.014,3.12,3.105
2011,11,15,3.014,3.12,3.105,3.093
2011,11,14,3.12,3.105,3.093,3.16
2011,11,11,3.105,3.093,3.16,3.279
2011,11,10,3.093,3.16,3.279,3.46
2011,11,9,3.16,3.279,3.46,3.509
2011,11,8,3.279,3.46,3.509,3.433
2011,11,7,3.46,3.509,3.433,3.36
2011,11,4,3.509,3.433,3.36,3.413
2011,11,3,3.433,3.36,3.413,3.415
2011,11,2,3.36,3.413,3.415,3.425
2011,11,1,3.413,3.415,3.425,3.5
2011,10,31,3.415,3.425,3.5,3.626
2011,10,28,3.425,3.5,3.626,3.636
2011,10,27,3.5,3.626,3.636,3.599
2011,10,26,3.626,3.636,3.599,3.656
2011,10,25,3.636,3.599,3.656,3.628
2011,10,24,3.599,3.656,3.628,3.603
2011,10,21,3.656,3.628,3.603,3.515
2011,10,20,3.628,3.603,3.515,3.626
2011,10,19,3.603,3.515,3.626,3.598
2011,10,18,3.515,3.626,3.598,3.613
2011,10,17,3.626,3.598,3.613,3.703
2011,10,14,3.598,3.613,3.703,3.493
2011,10,13,3.613,3.703,3.493,3.455
2011,10,12,3.703,3.493,3.455,3.547
2011,10,11,3.493,3.455,3.547,3.528
2011,10,10,3.455,3.547,3.528,3.449
2011,10,7,3.547,3.528,3.449,3.375
2011,10,6,3.528,3.449,3.375,3.49
2011,10,5,3.449,3.375,3.49,3.605
2011,10,4,3.375,3.49,3.605,3.583
2011,10,3,3.49,3.605,3.583,3.6
2011,9,30,3.605,3.583,3.6,3.663
2011,9,29,3.583,3.6,3.663,3.77
2011,9,28,3.6,3.663,3.77,3.881
2011,9,27,3.663,3.77,3.881,3.923
2011,9,26,3.77,3.881,3.923,3.813
2011,9,23,3.881,3.923,3.813,3.745
2011,9,22,3.923,3.813,3.745,3.734
2011,9,21,3.813,3.745,3.734,3.796
2011,9,20,3.745,3.734,3.796,3.815
2011,9,19,3.734,3.796,3.815,3.783
2011,9,16,3.796,3.815,3.783,3.816
2011,9,15,3.815,3.783,3.816,3.99
2011,9,14,3.783,3.816,3.99,4.003
2011,9,13,3.816,3.99,4.003,3.955
2011,9,12,3.99,4.003,3.955,3.94
2011,9,9,4.003,3.955,3.94,3.958
2011,9,8,3.955,3.94,3.958,3.985
2011,9,7,3.94,3.958,3.985,3.995
2011,9,6,3.958,3.985,3.995,3.939
2011,9,2,3.985,3.995,3.939,4.103
2011,9,1,3.995,3.939,4.103,4.175
2011,8,31,3.939,4.103,4.175,4.027
2011,8,30,4.103,4.175,4.027,3.91
2011,8,29,4.175,4.027,3.91,3.918
2011,8,26,4.027,3.91,3.918,3.99
2011,8,25,3.91,3.918,3.99,3.993
2011,8,24,3.918,3.99,3.993,4.065
2011,8,23,3.99,3.993,4.065,4.018
2011,8,22,3.993,4.065,4.018,3.975
2011,8,19,4.065,4.018,3.975,4.006
2011,8,18,4.018,3.975,4.006,3.98
2011,8,17,3.975,4.006,3.98,3.975
2011,8,16,4.006,3.98,3.975,3.991
2011,8,15,3.98,3.975,3.991,4.035
2011,8,12,3.975,3.991,4.035,4.13
2011,8,11,3.991,4.035,4.13,4.08
2011,8,10,4.035,4.13,4.08,4.085
2011,8,9,4.13,4.08,4.085,4.064
2011,8,8,4.08,4.085,4.064,4.025
2011,8,5,4.085,4.064,4.025,4.025
2011,8,4,4.064,4.025,4.025,4.151
2011,8,3,4.025,4.025,4.151,4.259
2011,8,2,4.025,4.151,4.259,4.253
2011,8,1,4.151,4.259,4.253,4.285
2011,7,29,4.259,4.253,4.285,4.296
2011,7,28,4.253,4.285,4.296,4.42
2011,7,27,4.285,4.296,4.42,4.445
2011,7,26,4.296,4.42,4.445,4.423
2011,7,25,4.42,4.445,4.423,4.465
2011,7,22,4.445,4.423,4.465,4.465
2011,7,21,4.423,4.465,4.465,4.563
2011,7,20,4.465,4.465,4.563,4.583
2011,7,19,4.465,4.563,4.583,4.585
2011,7,18,4.563,4.583,4.585,4.575
2011,7,15,4.583,4.585,4.575,4.505
2011,7,14,4.585,4.575,4.505,4.39
2011,7,13,4.575,4.505,4.39,4.436
2011,7,12,4.505,4.39,4.436,4.368
2011,7,11,4.39,4.436,4.368,4.379
2011,7,8,4.436,4.368,4.379,4.208
2011,7,7,4.368,4.379,4.208,4.19
2011,7,6,4.379,4.208,4.19,4.35
2011,7,5,4.208,4.19,4.35,4.38
2011,7,1,4.19,4.35,4.38,4.325
2011,6,30,4.35,4.38,4.325,4.283
2011,6,29,4.38,4.325,4.283,4.38
2011,6,28,4.325,4.283,4.38,4.344
2011,6,27,4.283,4.38,4.344,4.276
2011,6,24,4.38,4.344,4.276,4.208
2011,6,23,4.344,4.276,4.208,4.286
2011,6,22,4.276,4.208,4.286,4.418
2011,6,21,4.208,4.286,4.418,4.378
2011,6,20,4.286,4.418,4.378,4.35
2011,6,17,4.418,4.378,4.35,4.404
2011,6,16,4.378,4.35,4.404,4.541
2011,6,15,4.35,4.404,4.541,4.525
2011,6,14,4.404,4.541,4.525,4.579
2011,6,13,4.541,4.525,4.579,4.72
2011,6,10,4.525,4.579,4.72,4.6812
2011,6,9,4.579,4.72,4.6812,4.915
2011,6,8,4.72,4.6812,4.915,4.86
2011,6,7,4.6812,4.915,4.86,4.815
2011,6,6,4.915,4.86,4.815,4.835
2011,6,3,4.86,4.815,4.835,4.715
2011,6,2,4.815,4.835,4.715,4.705
2011,6,1,4.835,4.715,4.705,4.625
2011,5,31,4.715,4.705,4.625,4.631
2011,5,27,4.705,4.625,4.631,4.42
2011,5,26,4.625,4.631,4.42,4.325
2011,5,25,4.631,4.42,4.325,4.358
2011,5,24,4.42,4.325,4.358,4.365
2011,5,23,4.325,4.358,4.365,4.32
2011,5,20,4.358,4.365,4.32,4.078
2011,5,19,4.365,4.32,4.078,4.055
2011,5,18,4.32,4.078,4.055,4.125
2011,5,17,4.078,4.055,4.125,4.195
2011,5,16,4.055,4.125,4.195,4.245
2011,5,13,4.125,4.195,4.245,4.11
2011,5,12,4.195,4.245,4.11,4.1
2011,5,11,4.245,4.11,4.1,4.185
2011,5,10,4.11,4.1,4.185,4.175
2011,5,9,4.1,4.185,4.175,4.23
2011,5,6,4.185,4.175,4.23,4.25
2011,5,5,4.175,4.23,4.25,4.405
2011,5,4,4.23,4.25,4.405,4.58
2011,5,3,4.25,4.405,4.58,4.615
2011,5,2,4.405,4.58,4.615,4.61
2011,4,29,4.58,4.615,4.61,4.5
2011,4,28,4.615,4.61,4.5,4.44
2011,4,27,4.61,4.5,4.44,4.353
2011,4,26,4.5,4.44,4.353,4.325
2011,4,25,4.44,4.353,4.325,4.363
2011,4,21,4.353,4.325,4.363,4.33
2011,4,20,4.325,4.363,4.33,4.335
2011,4,19,4.363,4.33,4.335,4.21
2011,4,18,4.33,4.335,4.21,4.213
2011,4,15,4.335,4.21,4.213,4.2
2011,4,14,4.21,4.213,4.2,4.135
2011,4,13,4.213,4.2,4.135,4.12
2011,4,12,4.2,4.135,4.12,4.1
2011,4,11,4.135,4.12,4.1,4.058
2011,4,8,4.12,4.1,4.058,4.018
2011,4,7,4.1,4.058,4.018,4.115
2011,4,6,4.058,4.018,4.115,4.19
2011,4,5,4.018,4.115,4.19,4.235
2011,4,4,4.115,4.19,4.235,4.225
2011,4,1,4.19,4.235,4.225,4.295
2011,3,31,4.235,4.225,4.295,4.295
2011,3,30,4.225,4.295,4.295,4.25
2011,3,29,4.295,4.295,4.25,4.275
2011,3,28,4.295,4.25,4.275,4.339
2011,3,25,4.25,4.275,4.339,4.158
2011,3,24,4.275,4.339,4.158,4.275
2011,3,23,4.339,4.158,4.275,4.205
2011,3,22,4.158,4.275,4.205,4.08
2011,3,21,4.275,4.205,4.08,3.988
2011,3,18,4.205,4.08,3.988,3.94
2011,3,17,4.08,3.988,3.94,3.845
2011,3,16,3.988,3.94,3.845,3.843
2011,3,15,3.94,3.845,3.843,3.798
2011,3,14,3.845,3.843,3.798,3.905
2011,3,11,3.843,3.798,3.905,3.79
2011,3,10,3.798,3.905,3.79,3.83
2011,3,9,3.905,3.79,3.83,3.815
2011,3,8,3.79,3.83,3.815,3.825
2011,3,7,3.83,3.815,3.825,3.755
2011,3,4,3.815,3.825,3.755,3.735
2011,3,3,3.825,3.755,3.735,3.745
2011,3,2,3.755,3.735,3.745,3.795
2011,3,1,3.735,3.745,3.795,3.855
2011,2,28,3.745,3.795,3.855,3.943
2011,2,25,3.795,3.855,3.943,3.79
2011,2,24,3.855,3.943,3.79,3.83
2011,2,23,3.943,3.79,3.83,3.823
2011,2,22,3.79,3.83,3.823,3.885
2011,2,18,3.83,3.823,3.885,3.843
2011,2,17,3.823,3.885,3.843,3.878
2011,2,16,3.885,3.843,3.878,3.91
2011,2,15,3.843,3.878,3.91,3.91
2011,2,14,3.878,3.91,3.91,3.895
2011,2,11,3.91,3.91,3.895,3.97
2011,2,10,3.91,3.895,3.97,4.113
2011,2,9,3.895,3.97,4.113,4.13
2011,2,8,3.97,4.113,4.13,4.245
2011,2,7,4.113,4.13,4.245,4.315
2011,2,4,4.13,4.245,4.315,4.5
2011,2,3,4.245,4.315,4.5,4.685
2011,2,2,4.315,4.5,4.685,4.555
2011,2,1,4.5,4.685,4.555,4.435
2011,1,31,4.685,4.555,4.435,4.435
2011,1,28,4.555,4.435,4.435,4.29
2011,1,27,4.435,4.435,4.29,4.364
2011,1,26,4.435,4.29,4.364,4.41
2011,1,25,4.29,4.364,4.41,4.485
2011,1,24,4.364,4.41,4.485,4.715
2011,1,21,4.41,4.485,4.715,4.73
2011,1,20,4.485,4.715,4.73,4.61
2011,1,19,4.715,4.73,4.61,4.485
2011,1,18,4.73,4.61,4.485,4.478
2011,1,14,4.61,4.485,4.478,4.41
2011,1,13,4.485,4.478,4.41,4.495
2011,1,12,4.478,4.41,4.495,4.545
2011,1,11,4.41,4.495,4.545,4.399
2011,1,10,4.495,4.545,4.399,4.485
2011,1,7,4.545,4.399,4.485,4.425
2011,1,6,4.399,4.485,4.425,4.49
2011,1,5,4.485,4.425,4.49,4.519
2011,1,4,4.425,4.49,4.519,4.588
2011,1,3,4.49,4.519,4.588,4.51
2010,12,30,4.519,4.588,4.51,4.225
2010,12,29,4.588,4.51,4.225,4.17
2010,12,28,4.51,4.225,4.17,4.114
2010,12,27,4.225,4.17,4.114,4.048
2010,12,23,4.17,4.114,4.048,4.086
2010,12,22,4.114,4.048,4.086,4.01
2010,12,21,4.048,4.086,4.01,4.146
2010,12,20,4.086,4.01,4.146,4.094
2010,12,17,4.01,4.146,4.094,4.014
2010,12,16,4.146,4.094,4.014,4.105
2010,12,15,4.094,4.014,4.105,4.225
2010,12,14,4.014,4.105,4.225,4.34
2010,12,13,4.105,4.225,4.34,4.455
2010,12,10,4.225,4.34,4.455,4.36
2010,12,9,4.34,4.455,4.36,4.523
2010,12,8,4.455,4.36,4.523,4.455
2010,12,7,4.36,4.523,4.455,4.48
2010,12,6,4.523,4.455,4.48,4.43
2010,12,3,4.455,4.48,4.43,4.27
2010,12,2,4.48,4.43,4.27,4.229
2010,12,1,4.43,4.27,4.229,4.2
2010,11,30,4.27,4.229,4.2,4.145
2010,11,29,4.229,4.2,4.145,4.145
2010,11,26,4.2,4.145,4.145,3.855
2010,11,24,4.145,4.145,3.855,3.855
2010,11,23,4.145,3.855,3.855,3.955
2010,11,22,3.855,3.855,3.955,3.93
2010,11,19,3.855,3.955,3.93,3.795
2010,11,18,3.955,3.93,3.795,3.795
2010,11,17,3.93,3.795,3.795,3.765
2010,11,16,3.795,3.795,3.765,3.675
2010,11,15,3.795,3.765,3.675,3.565
2010,11,11,3.765,3.675,3.565,3.75
2010,11,10,3.675,3.565,3.75,3.983
2010,11,9,3.565,3.75,3.983,3.77
2010,11,8,3.75,3.983,3.77,3.57
2010,11,5,3.983,3.77,3.57,3.51
2010,11,4,3.77,3.57,3.51,3.514
2010,11,3,3.57,3.51,3.514,3.375
2010,11,2,3.51,3.514,3.375,3.273
2010,11,1,3.514,3.375,3.273,3.425
2010,10,29,3.375,3.273,3.425,3.335
2010,10,28,3.273,3.425,3.335,3.355
2010,10,27,3.425,3.335,3.355,3.364
2010,10,26,3.335,3.355,3.364,3.315
2010,10,25,3.355,3.364,3.315,3.178
2010,10,22,3.364,3.315,3.178,3.17
2010,10,21,3.315,3.178,3.17,3.425
2010,10,20,3.178,3.17,3.425,3.5
2010,10,19,3.17,3.425,3.5,3.395
2010,10,18,3.425,3.5,3.395,3.37
2010,10,15,3.5,3.395,3.37,3.425
2010,10,14,3.395,3.37,3.425,3.565
2010,10,13,3.37,3.425,3.565,3.625
2010,10,12,3.425,3.565,3.625,3.445
2010,10,11,3.565,3.625,3.445,3.455
2010,10,8,3.625,3.445,3.455,3.285
2010,10,7,3.445,3.455,3.285,3.51
2010,10,6,3.455,3.285,3.51,3.61
2010,10,5,3.285,3.51,3.61,3.52
2010,10,4,3.51,3.61,3.52,3.55
2010,10,1,3.61,3.52,3.55,3.665
2010,9,30,3.52,3.55,3.665,3.825
2010,9,29,3.55,3.665,3.825,3.8
2010,9,28,3.665,3.825,3.8,3.81
2010,9,27,3.825,3.8,3.81,3.79
2010,9,23,3.8,3.81,3.79,4.1
2010,9,22,3.81,3.79,4.1,4.02
2010,9,21,3.79,4.1,4.02,4
2010,9,20,4.1,4.02,4,3.955
2010,9,17,4.02,4,3.955,4.08
2010,9,16,4,3.955,4.08,4.055
2010,9,15,3.955,4.08,4.055,4.06
2010,9,14,4.08,4.055,4.06,4.01
2010,9,13,4.055,4.06,4.01,3.89
2010,9,10,4.06,4.01,3.89,3.85
2010,9,9,4.01,3.89,3.85,3.785
2010,9,8,3.89,3.85,3.785,3.82
2010,9,7,3.85,3.785,3.82,3.815
2010,9,3,3.785,3.82,3.815,3.745
2010,9,2,3.82,3.815,3.745,3.81
2010,9,1,3.815,3.745,3.81,3.82
2010,8,31,3.745,3.81,3.82,3.79
2010,8,30,3.81,3.82,3.79,3.81
2010,8,27,3.82,3.79,3.81,3.7
2010,8,26,3.79,3.81,3.7,3.81
2010,8,25,3.81,3.7,3.81,3.945
2010,8,24,3.7,3.81,3.945,4.05
2010,8,23,3.81,3.945,4.05,4.13
2010,8,20,3.945,4.05,4.13,4.175
2010,8,19,4.05,4.13,4.175,4.265
2010,8,18,4.13,4.175,4.265,4.335
2010,8,17,4.175,4.265,4.335,4.31
2010,8,16,4.265,4.335,4.31,4.35
2010,8,13,4.335,4.31,4.35,4.36
2010,8,12,4.31,4.35,4.36,4.395
2010,8,11,4.35,4.36,4.395,4.385
2010,8,10,4.36,4.395,4.385,4.43
2010,8,9,4.395,4.385,4.43,4.53
2010,8,6,4.385,4.43,4.53,4.6
2010,8,5,4.43,4.53,4.6,4.845
2010,8,4,4.53,4.6,4.845,4.76
2010,8,3,4.6,4.845,4.76,4.81
2010,8,2,4.845,4.76,4.81,4.925
2010,7,30,4.76,4.81,4.925,4.81
2010,7,29,4.81,4.925,4.81,4.795
2010,7,28,4.925,4.81,4.795,4.795
2010,7,27,4.81,4.795,4.795,4.72
2010,7,26,4.795,4.795,4.72,4.64
2010,7,23,4.795,4.72,4.64,4.695
2010,7,22,4.72,4.64,4.695,4.69
2010,7,21,4.64,4.695,4.69,4.685
2010,7,20,4.695,4.69,4.685,4.605
2010,7,19,4.69,4.685,4.605,4.565
2010,7,16,4.685,4.605,4.565,4.63
2010,7,15,4.605,4.565,4.63,4.47
2010,7,14,4.565,4.63,4.47,4.4
2010,7,13,4.63,4.47,4.4,4.465
2010,7,12,4.47,4.4,4.465,4.42
2010,7,9,4.4,4.465,4.42,4.415
2010,7,8,4.465,4.42,4.415,4.52
2010,7,7,4.42,4.415,4.52,4.71
2010,7,6,4.415,4.52,4.71,4.84
2010,7,2,4.52,4.71,4.84,4.685
2010,7,1,4.71,4.84,4.685,4.545
2010,6,30,4.84,4.685,4.545,4.555
2010,6,29,4.685,4.545,4.555,4.675
2010,6,28,4.545,4.555,4.675,4.835
2010,6,25,4.555,4.675,4.835,4.835
2010,6,24,4.675,4.835,4.835,4.885
2010,6,23,4.835,4.835,4.885,4.88
2010,6,22,4.835,4.885,4.88,4.86
2010,6,21,4.885,4.88,4.86,5.175
2010,6,18,4.88,4.86,5.175,5.15
2010,6,17,4.86,5.175,5.15,5.135
2010,6,16,5.175,5.15,5.135,5.11
2010,6,15,5.15,5.135,5.11,5.12
2010,6,14,5.135,5.11,5.12,4.965
2010,6,11,5.11,5.12,4.965,4.72
2010,6,10,5.12,4.965,4.72,4.685
2010,6,9,4.965,4.72,4.685,4.755
2010,6,8,4.72,4.685,4.755,4.845
2010,6,7,4.685,4.755,4.845,4.74
2010,6,4,4.755,4.845,4.74,4.685
2010,6,3,4.845,4.74,4.685,4.46
2010,6,2,4.74,4.685,4.46,4.325
2010,6,1,4.685,4.46,4.325,4.385
2010,5,28,4.46,4.325,4.385,4.325
2010,5,27,4.325,4.385,4.325,4.235
2010,5,26,4.385,4.325,4.235,4.205
2010,5,25,4.325,4.235,4.205,4.08
2010,5,24,4.235,4.205,4.08,4.075
2010,5,21,4.205,4.08,4.075,4.12
2010,5,20,4.08,4.075,4.12,4.14
2010,5,19,4.075,4.12,4.14,4.245
2010,5,18,4.12,4.14,4.245,4.41
2010,5,17,4.14,4.245,4.41,4.345
2010,5,14,4.245,4.41,4.345,4.255
2010,5,13,4.41,4.345,4.255,4.255
2010,5,12,4.345,4.255,4.255,4.195
2010,5,11,4.255,4.255,4.195,4.185
2010,5,10,4.255,4.195,4.185,4.095
2010,5,7,4.195,4.185,4.095,3.93
2010,5,6,4.185,4.095,3.93,3.985
2010,5,5,4.095,3.93,3.985,3.995
2010,5,4,3.93,3.985,3.995,3.975
2010,5,3,3.985,3.995,3.975,3.9
2010,4,30,3.995,3.975,3.9,3.89
2010,4,29,3.975,3.9,3.89,4.11
2010,4,28,3.9,3.89,4.11,4.215
2010,4,27,3.89,4.11,4.215,4.23
2010,4,26,4.11,4.215,4.23,4.185
2010,4,23,4.215,4.23,4.185,4.07
2010,4,22,4.23,4.185,4.07,3.98
2010,4,21,4.185,4.07,3.98,3.965
2010,4,20,4.07,3.98,3.965,3.93
2010,4,19,3.98,3.965,3.93,4.02
2010,4,16,3.965,3.93,4.02,4.125
2010,4,15,3.93,4.02,4.125,4.125
2010,4,14,4.02,4.125,4.125,4.155
2010,4,13,4.125,4.125,4.155,4.01
2010,4,12,4.125,4.155,4.01,4.04
2010,4,9,4.155,4.01,4.04,3.9
2010,4,8,4.01,4.04,3.9,3.895
2010,4,7,4.04,3.9,3.895,4.085
2010,4,6,3.9,3.895,4.085,4.025
2010,4,1,3.895,4.085,4.025,3.725
2010,3,31,4.085,4.025,3.725,3.835
2010,3,30,4.025,3.725,3.835,3.81
2010,3,29,3.725,3.835,3.81,3.825
2010,3,26,3.835,3.81,3.825,3.945
2010,3,25,3.81,3.825,3.945,3.98
2010,3,24,3.825,3.945,3.98,4.045
2010,3,23,3.945,3.98,4.045,4.1
2010,3,22,3.98,4.045,4.1,4.055
2010,3,19,4.045,4.1,4.055,4.02
2010,3,18,4.1,4.055,4.02,4.205
2010,3,17,4.055,4.02,4.205,4.235
2010,3,16,4.02,4.205,4.235,4.355
2010,3,15,4.205,4.235,4.355,4.31
2010,3,12,4.235,4.355,4.31,4.355
2010,3,11,4.355,4.31,4.355,4.48
2010,3,10,4.31,4.355,4.48,4.435
2010,3,9,4.355,4.48,4.435,4.53
2010,3,8,4.48,4.435,4.53,4.475
2010,3,5,4.435,4.53,4.475,4.585
2010,3,4,4.53,4.475,4.585,4.75
2010,3,3,4.475,4.585,4.75,4.78
2010,3,2,4.585,4.75,4.78,4.765
2010,3,1,4.75,4.78,4.765,4.85
2010,2,26,4.78,4.765,4.85,4.8
2010,2,25,4.765,4.85,4.8,4.815
2010,2,24,4.85,4.8,4.815,4.94
2010,2,23,4.8,4.815,4.94,4.92
2010,2,22,4.815,4.94,4.92,4.92
2010,2,19,4.94,4.92,4.92,5.09
2010,2,18,4.92,4.92,5.09,5.39
2010,2,17,4.92,5.09,5.39,5.47
2010,2,16,5.09,5.39,5.47,5.66
2010,2,12,5.39,5.47,5.66,5.545
2010,2,11,5.47,5.66,5.545,5.505
2010,2,10,5.66,5.545,5.505,5.475
2010,2,9,5.545,5.505,5.475,5.53
2010,2,8,5.505,5.475,5.53,5.725
2010,2,5,5.475,5.53,5.725,5.615
2010,2,4,5.53,5.725,5.615,5.435
2010,2,3,5.725,5.615,5.435,5.535
2010,2,2,5.615,5.435,5.535,5.475
2010,2,1,5.435,5.535,5.475,5.325
2010,1,29,5.535,5.475,5.325,5.265
2010,1,28,5.475,5.325,5.265,5.28
2010,1,27,5.325,5.265,5.28,5.425
2010,1,26,5.265,5.28,5.425,5.585
2010,1,25,5.28,5.425,5.585,5.76
2010,1,22,5.425,5.585,5.76,5.675
2010,1,21,5.585,5.76,5.675,5.525
2010,1,20,5.76,5.675,5.525,5.515
2010,1,19,5.675,5.525,5.515,5.515
2010,1,15,5.525,5.515,5.515,5.67
2010,1,14,5.515,5.515,5.67,5.785
2010,1,13,5.515,5.67,5.785,5.605
2010,1,12,5.67,5.785,5.605,5.605
2010,1,11,5.785,5.605,5.605,5.77
2010,1,8,5.605,5.605,5.77,6.48
2010,1,7,5.605,5.77,6.48,7.375
2010,1,5,5.77,6.48,7.375,6.15
2010,1,4,6.48,7.375,6.15,6.055
2009,12,31,7.375,6.15,6.055,5.805
2009,12,30,6.15,6.055,5.805,5.83
2009,12,29,6.055,5.805,5.83,5.985
2009,12,28,5.805,5.83,5.985,5.875
2009,12,24,5.83,5.985,5.875,5.775
2009,12,23,5.985,5.875,5.775,5.59
2009,12,22,5.875,5.775,5.59,5.575
2009,12,21,5.775,5.59,5.575,5.77
2009,12,17,5.59,5.575,5.77,5.56
2009,12,16,5.575,5.77,5.56,5.56
2009,12,15,5.77,5.56,5.56,5.395
2009,12,14,5.56,5.56,5.395,5.395
2009,12,11,5.56,5.395,5.395,5.27
2009,12,10,5.395,5.395,5.27,5.04
2009,12,9,5.395,5.27,5.04,5.27
2009,12,8,5.27,5.04,5.27,5.1
2009,12,7,5.04,5.27,5.1,4.805
2009,12,4,5.27,5.1,4.805,4.52
2009,12,3,5.1,4.805,4.52,4.555
2009,12,2,4.805,4.52,4.555,4.645
2009,12,1,4.52,4.555,4.645,4.355
2009,11,30,4.555,4.645,4.355,4.4
2009,11,27,4.645,4.355,4.4,3.565
2009,11,25,4.355,4.4,3.565,3.565
2009,11,24,4.4,3.565,3.565,3.585
2009,11,23,3.565,3.565,3.585,3.765
2009,11,20,3.565,3.585,3.765,3.185
2009,11,19,3.585,3.765,3.185,3.525
2009,11,18,3.765,3.185,3.525,3.71
2009,11,17,3.185,3.525,3.71,3.43
2009,11,16,3.525,3.71,3.43,2.895
2009,11,13,3.71,3.43,2.895,2.52
2009,11,12,3.43,2.895,2.52,3.2
2009,11,11,2.895,2.52,3.2,3.585
2009,11,10,2.52,3.2,3.585,3.79
2009,11,9,3.2,3.585,3.79,3.87
2009,11,6,3.585,3.79,3.87,3.865
2009,11,5,3.79,3.87,3.865,4.305
2009,11,4,3.87,3.865,4.305,4.465
2009,11,3,3.865,4.305,4.465,4.4
2009,11,2,4.305,4.465,4.4,4.325
2009,10,30,4.465,4.4,4.325,4.15
2009,10,29,4.4,4.325,4.15,4.1
2009,10,28,4.325,4.15,4.1,4.545
2009,10,27,4.15,4.1,4.545,4.51
2009,10,26,4.1,4.545,4.51,4.545
2009,10,23,4.545,4.51,4.545,4.85
2009,10,22,4.51,4.545,4.85,4.98
2009,10,21,4.545,4.85,4.98,4.825
2009,10,20,4.85,4.98,4.825,4.6
2009,10,19,4.98,4.825,4.6,4.24
2009,10,16,4.825,4.6,4.24,3.95
2009,10,15,4.6,4.24,3.95,3.86
2009,10,14,4.24,3.95,3.86,3.81
2009,10,13,3.95,3.86,3.81,4.005
2009,10,12,3.86,3.81,4.005,3.995
2009,10,9,3.81,4.005,3.995,3.92
2009,10,8,4.005,3.995,3.92,4.15
2009,10,7,3.995,3.92,4.15,3.655
2009,10,6,3.92,4.15,3.655,3.35
2009,10,5,4.15,3.655,3.35,3.06
2009,10,2,3.655,3.35,3.06,2.515
2009,10,1,3.35,3.06,2.515,2.895
2009,9,30,3.06,2.515,2.895,3.38
2009,9,29,2.515,2.895,3.38,3.36
2009,9,28,2.895,3.38,3.36,3.535
2009,9,25,3.38,3.36,3.535,3.6
2009,9,24,3.36,3.535,3.6,3.59
2009,9,23,3.535,3.6,3.59,3.465
2009,9,22,3.6,3.59,3.465,3.37
2009,9,21,3.59,3.465,3.37,3.375
2009,9,18,3.465,3.37,3.375,3.16
2009,9,17,3.37,3.375,3.16,3.49
2009,9,16,3.375,3.16,3.49,3.28
2009,9,15,3.16,3.49,3.28,3.27
2009,9,14,3.49,3.28,3.27,2.88
2009,9,11,3.28,3.27,2.88,2.975
2009,9,10,3.27,2.88,2.975,2.68
2009,9,9,2.88,2.975,2.68,2.725
2009,9,8,2.975,2.68,2.725,2.495
2009,9,4,2.68,2.725,2.495,1.92
2009,9,3,2.725,2.495,1.92,2.045
2009,9,2,2.495,1.92,2.045,2.27
2009,9,1,1.92,2.045,2.27,2.37
2009,8,31,2.045,2.27,2.37,2.45
2009,8,28,2.27,2.37,2.45,2.52
2009,8,27,2.37,2.45,2.52,2.72
2009,8,26,2.45,2.52,2.72,2.765
2009,8,25,2.52,2.72,2.765,2.87
2009,8,24,2.72,2.765,2.87,2.725
2009,8,21,2.765,2.87,2.725,2.81
2009,8,20,2.87,2.725,2.81,3.015
2009,8,19,2.725,2.81,3.015,3.035
2009,8,18,2.81,3.015,3.035,3.115
2009,8,17,3.015,3.035,3.115,3.115
2009,8,14,3.035,3.115,3.115,3.195
2009,8,13,3.115,3.115,3.195,3.34
2009,8,12,3.115,3.195,3.34,3.37
2009,8,11,3.195,3.34,3.37,3.475
2009,8,10,3.34,3.37,3.475,3.59
2009,8,7,3.37,3.475,3.59,3.555
2009,8,6,3.475,3.59,3.555,3.735
2009,8,5,3.59,3.555,3.735,3.665
2009,8,4,3.555,3.735,3.665,3.55
2009,8,3,3.735,3.665,3.55,3.49
2009,7,31,3.665,3.55,3.49,3.37
2009,7,30,3.55,3.49,3.37,3.34
2009,7,29,3.49,3.37,3.34,3.365
2009,7,28,3.37,3.34,3.365,3.475
2009,7,27,3.34,3.365,3.475,3.48
2009,7,24,3.365,3.475,3.48,3.385
2009,7,23,3.475,3.48,3.385,3.62
2009,7,22,3.48,3.385,3.62,3.515
2009,7,21,3.385,3.62,3.515,3.5
2009,7,20,3.62,3.515,3.5,3.44
2009,7,17,3.515,3.5,3.44,3.415
2009,7,16,3.5,3.44,3.415,3.225
2009,7,15,3.44,3.415,3.225,3.3
2009,7,14,3.415,3.225,3.3,3.29
2009,7,13,3.225,3.3,3.29,3.185
2009,7,10,3.3,3.29,3.185,3.23
2009,7,9,3.29,3.185,3.23,3.33
2009,7,8,3.185,3.23,3.33,3.255
2009,7,7,3.23,3.33,3.255,3.31
2009,7,6,3.33,3.255,3.31,3.28
2009,7,2,3.255,3.31,3.28,3.51
2009,7,1,3.31,3.28,3.51,3.645
2009,6,30,3.28,3.51,3.645,3.71
2009,6,29,3.51,3.645,3.71,3.875
2009,6,26,3.645,3.71,3.875,3.815
2009,6,25,3.71,3.875,3.815,3.81
2009,6,24,3.875,3.815,3.81,3.82
2009,6,23,3.815,3.81,3.82,3.915
2009,6,22,3.81,3.82,3.915,3.96
2009,6,19,3.82,3.915,3.96,4.02
2009,6,18,3.915,3.96,4.02,4.14
2009,6,17,3.96,4.02,4.14,3.99
2009,6,16,4.02,4.14,3.99,4.145
2009,6,15,4.14,3.99,4.145,3.82
2009,6,12,3.99,4.145,3.82,3.605
2009,6,11,4.145,3.82,3.605,3.555
2009,6,10,3.82,3.605,3.555,3.56
2009,6,9,3.605,3.555,3.56,3.53
2009,6,8,3.555,3.56,3.53,3.525
2009,6,5,3.56,3.53,3.525,3.515
2009,6,4,3.53,3.525,3.515,3.77
2009,6,3,3.525,3.515,3.77,3.77
2009,6,2,3.515,3.77,3.77,4.04
2009,6,1,3.77,3.77,4.04,3.9
2009,5,29,3.77,4.04,3.9,3.92
2009,5,28,4.04,3.9,3.92,3.595
2009,5,27,3.9,3.92,3.595,3.49
2009,5,26,3.92,3.595,3.49,3.405
2009,5,22,3.595,3.49,3.405,3.405
2009,5,21,3.49,3.405,3.405,3.65
2009,5,20,3.405,3.405,3.65,3.795
2009,5,19,3.405,3.65,3.795,3.96
2009,5,18,3.65,3.795,3.96,4.025
2009,5,15,3.795,3.96,4.025,4.05
2009,5,14,3.96,4.025,4.05,4.08
2009,5,13,4.025,4.05,4.08,4.39
2009,5,12,4.05,4.08,4.39,4.37
2009,5,11,4.08,4.39,4.37,4.25
2009,5,8,4.39,4.37,4.25,4.17
2009,5,7,4.37,4.25,4.17,3.965
2009,5,6,4.25,4.17,3.965,3.7
2009,5,5,4.17,3.965,3.7,3.615
2009,5,4,3.965,3.7,3.615,3.455
2009,5,1,3.7,3.615,3.455,3.315
2009,4,30,3.615,3.455,3.315,3.245
2009,4,29,3.455,3.315,3.245,3.42
2009,4,28,3.315,3.245,3.42,3.265
2009,4,27,3.245,3.42,3.265,3.205
2009,4,24,3.42,3.265,3.205,3.325
2009,4,23,3.265,3.205,3.325,3.43
2009,4,22,3.205,3.325,3.43,3.495
2009,4,21,3.325,3.43,3.495,3.465
2009,4,20,3.43,3.495,3.465,3.52
2009,4,17,3.495,3.465,3.52,3.52
2009,4,16,3.465,3.52,3.52,3.565
2009,4,15,3.52,3.52,3.565,3.605
2009,4,14,3.52,3.565,3.605,3.58
2009,4,13,3.565,3.605,3.58,3.465
2009,4,9,3.605,3.58,3.465,3.565
2009,4,8,3.58,3.465,3.565,3.51
2009,4,7,3.465,3.565,3.51,3.59
2009,4,6,3.565,3.51,3.59,3.735
2009,4,3,3.51,3.59,3.735,3.67
2009,4,2,3.59,3.735,3.67,3.675
2009,4,1,3.735,3.67,3.675,3.58
2009,3,31,3.67,3.675,3.58,3.605
2009,3,30,3.675,3.58,3.605,3.685
2009,3,27,3.58,3.605,3.685,3.715
2009,3,26,3.605,3.685,3.715,4.035
2009,3,25,3.685,3.715,4.035,3.76
2009,3,23,3.715,4.035,3.76,4.18
2009,3,20,4.035,3.76,4.18,3.98
2009,3,19,3.76,4.18,3.98,3.82
2009,3,18,4.18,3.98,3.82,3.76
2009,3,17,3.98,3.82,3.76,3.78
2009,3,16,3.82,3.76,3.78,3.795
2009,3,13,3.76,3.78,3.795,3.93
2009,3,12,3.78,3.795,3.93,3.855
2009,3,11,3.795,3.93,3.855,3.87
2009,3,10,3.93,3.855,3.87,3.865
2009,3,9,3.855,3.87,3.865,3.87
2009,3,6,3.87,3.865,3.87,3.95
2009,3,5,3.865,3.87,3.95,4.24
2009,3,4,3.87,3.95,4.24,4.21
2009,3,3,3.95,4.24,4.21,4.425
2009,3,2,4.24,4.21,4.425,4.395
2009,2,27,4.21,4.425,4.395,4.035
2009,2,26,4.425,4.395,4.035,4.065
2009,2,25,4.395,4.035,4.065,4.21
2009,2,24,4.035,4.065,4.21,4.24
2009,2,23,4.065,4.21,4.24,4.24
2009,2,20,4.21,4.24,4.24,4.185
2009,2,19,4.24,4.24,4.185,4.415
2009,2,18,4.24,4.185,4.415,4.29
2009,2,17,4.185,4.415,4.29,4.37
2009,2,13,4.415,4.29,4.37,4.595
2009,2,12,4.29,4.37,4.595,4.69
2009,2,11,4.37,4.595,4.69,4.675
2009,2,10,4.595,4.69,4.675,4.825
2009,2,9,4.69,4.675,4.825,4.76
2009,2,6,4.675,4.825,4.76,4.72
2009,2,5,4.825,4.76,4.72,4.855
2009,2,4,4.76,4.72,4.855,5.01
2009,2,3,4.72,4.855,5.01,5.04
2009,2,2,4.855,5.01,5.04,4.565
2009,1,30,5.01,5.04,4.565,4.76
2009,1,29,5.04,4.565,4.76,4.82
2009,1,28,4.565,4.76,4.82,4.795
2009,1,27,4.76,4.82,4.795,4.76
2009,1,26,4.82,4.795,4.76,4.615
2009,1,23,4.795,4.76,4.615,4.745
2009,1,22,4.76,4.615,4.745,4.705
2009,1,21,4.615,4.745,4.705,4.89
2009,1,20,4.745,4.705,4.89,4.845
2009,1,16,4.705,4.89,4.845,5.09
2009,1,15,4.89,4.845,5.09,5.27
2009,1,14,4.845,5.09,5.27,5.42
2009,1,13,5.09,5.27,5.42,5.615
2009,1,12,5.27,5.42,5.615,5.6
2009,1,9,5.42,5.615,5.6,5.585
2009,1,8,5.615,5.6,5.585,5.83
2009,1,7,5.6,5.585,5.83,5.89
2009,1,6,5.585,5.83,5.89,6.095
2009,1,5,5.83,5.89,6.095,5.835
2009,1,2,5.89,6.095,5.835,5.435
2008,12,31,6.095,5.835,5.435,5.62
2008,12,30,5.835,5.435,5.62,5.715
2008,12,29,5.435,5.62,5.715,5.85
2008,12,24,5.62,5.715,5.85,5.435
2008,12,23,5.715,5.85,5.435,5.4
2008,12,22,5.85,5.435,5.4,5.405
2008,12,19,5.435,5.4,5.405,5.675
2008,12,18,5.4,5.405,5.675,5.6
2008,12,17,5.405,5.675,5.6,5.57
2008,12,16,5.675,5.6,5.57,5.74
2008,12,15,5.6,5.57,5.74,5.755
2008,12,12,5.57,5.74,5.755,5.57
2008,12,11,5.74,5.755,5.57,5.835
2008,12,10,5.755,5.57,5.835,5.695
2008,12,9,5.57,5.835,5.695,5.705
2008,12,8,5.835,5.695,5.705,5.66
2008,12,5,5.695,5.705,5.66,5.975
2008,12,4,5.705,5.66,5.975,6.55
2008,12,3,5.66,5.975,6.55,6.49
2008,12,2,5.975,6.55,6.49,6.685
2008,12,1,6.55,6.49,6.685,6.515
2008,11,26,6.49,6.685,6.515,6.445
2008,11,25,6.685,6.515,6.445,6.695
2008,11,24,6.515,6.445,6.695,6.845
2008,11,21,6.445,6.695,6.845,6.605
2008,11,20,6.695,6.845,6.605,6.76
2008,11,19,6.845,6.605,6.76,6.785
2008,11,18,6.605,6.76,6.785,6.715
2008,11,17,6.76,6.785,6.715,6.55
2008,11,14,6.785,6.715,6.55,6.31
2008,11,13,6.715,6.55,6.31,6.29
2008,11,12,6.55,6.31,6.29,6.615
2008,11,11,6.31,6.29,6.615,6.97
2008,11,10,6.29,6.615,6.97,7.06
2008,11,7,6.615,6.97,7.06,6.615
2008,11,6,6.97,7.06,6.615,6.87
2008,11,5,7.06,6.615,6.87,6.95
2008,11,4,6.615,6.87,6.95,6.82
2008,11,3,6.87,6.95,6.82,6.45
2008,10,31,6.95,6.82,6.45,6.17
2008,10,30,6.82,6.45,6.17,6.725
2008,10,29,6.45,6.17,6.725,6.57
2008,10,28,6.17,6.725,6.57,6.425
2008,10,27,6.725,6.57,6.425,6.27
2008,10,24,6.57,6.425,6.27,6.285
2008,10,23,6.425,6.27,6.285,6.6
2008,10,22,6.27,6.285,6.6,6.96
2008,10,21,6.285,6.6,6.96,6.805
2008,10,20,6.6,6.96,6.805,6.99
2008,10,17,6.96,6.805,6.99,6.75
2008,10,16,6.805,6.99,6.75,6.64
2008,10,15,6.99,6.75,6.64,6.625
2008,10,14,6.75,6.64,6.625,6.71
2008,10,13,6.64,6.625,6.71,6.62
2008,10,10,6.625,6.71,6.62,6.52
2008,10,9,6.71,6.62,6.52,6.69
2008,10,8,6.62,6.52,6.69,6.605
2008,10,7,6.52,6.69,6.605,6.76
2008,10,6,6.69,6.605,6.76,6.89
2008,10,3,6.605,6.76,6.89,7.18
2008,10,2,6.76,6.89,7.18,7.535
2008,10,1,6.89,7.18,7.535,7.46
2008,9,30,7.18,7.535,7.46,7.205
2008,9,29,7.535,7.46,7.205,7.14
2008,9,26,7.46,7.205,7.14,7.45
2008,9,25,7.205,7.14,7.45,7.58
2008,9,24,7.14,7.45,7.58,8.01
2008,9,23,7.45,7.58,8.01,7.895
2008,9,22,7.58,8.01,7.895,7.675
2008,9,19,8.01,7.895,7.675,7.85
2008,9,18,7.895,7.675,7.85,8.105
2008,9,17,7.675,7.85,8.105,7.775
2008,9,16,7.85,8.105,7.775,7.77
2008,9,15,8.105,7.775,7.77,8.02
2008,9,12,7.775,7.77,8.02,8.02
2008,9,11,7.77,8.02,8.02,7.82
2008,9,10,8.02,8.02,7.82,7.67
2008,9,9,8.02,7.82,7.67,7.265
2008,9,8,7.82,7.67,7.265,7.705
2008,9,5,7.67,7.265,7.705,7.405
2008,9,4,7.265,7.705,7.405,7.25
2008,9,3,7.705,7.405,7.25,7.23
2008,9,2,7.405,7.25,7.23,8.22
2008,8,29,7.25,7.23,8.22,8.22
2008,8,28,7.23,8.22,8.22,8.26
2008,8,27,8.22,8.22,8.26,8.47
2008,8,26,8.22,8.26,8.47,8.035
2008,8,25,8.26,8.47,8.035,7.605
2008,8,22,8.47,8.035,7.605,7.92
2008,8,21,8.035,7.605,7.92,8.06
2008,8,20,7.605,7.92,8.06,8.025
2008,8,19,7.92,8.06,8.025,7.84
2008,8,18,8.06,8.025,7.84,7.805
2008,8,15,8.025,7.84,7.805,7.815
2008,8,14,7.84,7.805,7.815,8.165
2008,8,13,7.805,7.815,8.165,8.055
2008,8,12,7.815,8.165,8.055,8.19
2008,8,11,8.165,8.055,8.19,8.195
2008,8,8,8.055,8.19,8.195,8.22
2008,8,7,8.19,8.195,8.22,8.74
2008,8,6,8.195,8.22,8.74,8.69
2008,8,5,8.22,8.74,8.69,8.635
2008,8,4,8.74,8.69,8.635,9.17
2008,8,1,8.69,8.635,9.17,9.135
2008,7,31,8.635,9.17,9.135,9.23
2008,7,30,9.17,9.135,9.23,9.015
2008,7,29,9.135,9.23,9.015,9.155
2008,7,28,9.23,9.015,9.155,9.255
2008,7,25,9.015,9.155,9.255,9.32
2008,7,24,9.155,9.255,9.32,9.735
2008,7,23,9.255,9.32,9.735,9.95
2008,7,22,9.32,9.735,9.95,10.13
2008,7,21,9.735,9.95,10.13,10.525
2008,7,18,9.95,10.13,10.525,10.515
2008,7,17,10.13,10.525,10.515,11.15
2008,7,16,10.525,10.515,11.15,11.215
2008,7,15,10.515,11.15,11.215,11.775
2008,7,14,11.15,11.215,11.775,11.64
2008,7,11,11.215,11.775,11.64,11.995
2008,7,10,11.775,11.64,11.995,11.775
2008,7,9,11.64,11.995,11.775,12.115
2008,7,8,11.995,11.775,12.115,12.44
2008,7,7,11.775,12.115,12.44,12.875
2008,7,3,12.115,12.44,12.875,13.045
2008,7,2,12.44,12.875,13.045,13.275
2008,7,1,12.875,13.045,13.275,13.265
2008,6,30,13.045,13.275,13.265,13.155
2008,6,27,13.275,13.265,13.155,13.08
2008,6,26,13.265,13.155,13.08,12.695
2008,6,25,13.155,13.08,12.695,12.765
2008,6,24,13.08,12.695,12.765,12.99
2008,6,23,12.695,12.765,12.99,12.94
2008,6,20,12.765,12.99,12.94,12.805
2008,6,19,12.99,12.94,12.805,13.01
2008,6,18,12.94,12.805,13.01,12.935
2008,6,17,12.805,13.01,12.935,12.82
2008,6,16,13.01,12.935,12.82,12.72
2008,6,13,12.935,12.82,12.72,12.5
2008,6,12,12.82,12.72,12.5,12.575
2008,6,11,12.72,12.5,12.575,12.515
2008,6,10,12.5,12.575,12.515,12.7
2008,6,9,12.575,12.515,12.7,12.715
2008,6,6,12.515,12.7,12.715,12.715
2008,6,5,12.7,12.715,12.715,12.465
2008,6,4,12.715,12.715,12.465,12.215
2008,6,3,12.715,12.465,12.215,12.275
2008,6,2,12.465,12.215,12.275,11.9
2008,5,30,12.215,12.275,11.9,11.48
2008,5,29,12.275,11.9,11.48,11.74
2008,5,28,11.9,11.48,11.74,11.61
2008,5,27,11.48,11.74,11.61,11.845
2008,5,23,11.74,11.61,11.845,11.59
2008,5,22,11.61,11.845,11.59,11.54
2008,5,21,11.845,11.59,11.54,10.15
2008,5,20,11.59,11.54,10.15,11.005
2008,5,19,11.54,10.15,11.005,11.095
2008,5,16,10.15,11.005,11.095,11.245
2008,5,15,11.005,11.095,11.245,11.405
2008,5,14,11.095,11.245,11.405,11.49
2008,5,13,11.245,11.405,11.49,11.185
2008,5,12,11.405,11.49,11.185,11.37
2008,5,9,11.49,11.185,11.37,11.29
2008,5,8,11.185,11.37,11.29,11.32
2008,5,7,11.37,11.29,11.32,11.075
2008,5,6,11.29,11.32,11.075,11.12
2008,5,5,11.32,11.075,11.12,10.875
2008,5,2,11.075,11.12,10.875,10.48
2008,5,1,11.12,10.875,10.48,10.57
2008,4,30,10.875,10.48,10.57,10.66
2008,4,29,10.48,10.57,10.66,10.925
2008,4,28,10.57,10.66,10.925,11.04
2008,4,25,10.66,10.925,11.04,10.74
2008,4,24,10.925,11.04,10.74,10.66
2008,4,23,11.04,10.74,10.66,10.385
2008,4,22,10.74,10.66,10.385,10.2
2008,4,21,10.66,10.385,10.2,10.47
2008,4,18,10.385,10.2,10.47,10.2
2008,4,17,10.2,10.47,10.2,10.255
2008,4,16,10.47,10.2,10.255,10.06
2008,4,15,10.2,10.255,10.06,10.14
2008,4,14,10.255,10.06,10.14,10.01
2008,4,11,10.06,10.14,10.01,9.97
2008,4,10,10.14,10.01,9.97,10.205
2008,4,9,10.01,9.97,10.205,9.955
2008,4,8,9.97,10.205,9.955,9.805
2008,4,7,10.205,9.955,9.805,9.565
2008,4,4,9.955,9.805,9.565,9.38
2008,4,3,9.805,9.565,9.38,9.695
2008,4,2,9.565,9.38,9.695,9.56
2008,4,1,9.38,9.695,9.56,9.03
2008,3,31,9.695,9.56,9.03,9.935
2008,3,28,9.56,9.03,9.935,9.44
2008,3,27,9.03,9.935,9.44,9.275
2008,3,26,9.935,9.44,9.275,9.315
2008,3,25,9.44,9.275,9.315,9.25
2008,3,24,9.275,9.315,9.25,9.03
2008,3,20,9.315,9.25,9.03,8.68
2008,3,19,9.25,9.03,8.68,9.085
2008,3,18,9.03,8.68,9.085,9.085
2008,3,17,8.68,9.085,9.085,9.595
2008,3,14,9.085,9.085,9.595,9.87
2008,3,13,9.085,9.595,9.87,9.785
2008,3,12,9.595,9.87,9.785,9.7
2008,3,11,9.87,9.785,9.7,9.82
2008,3,10,9.785,9.7,9.82,9.58
2008,3,7,9.7,9.82,9.58,9.825
2008,3,6,9.82,9.58,9.825,9.68
2008,3,5,9.58,9.825,9.68,9.41
2008,3,4,9.825,9.68,9.41,9.195
2008,3,3,9.68,9.41,9.195,9.195
2008,2,29,9.41,9.195,9.195,9.115
2008,2,28,9.195,9.195,9.115,9.105
2008,2,27,9.195,9.115,9.105,9.2
2008,2,26,9.115,9.105,9.2,9.26
2008,2,25,9.105,9.2,9.26,9.22
2008,2,22,9.2,9.26,9.22,8.64
2008,2,21,9.26,9.22,8.64,8.895
2008,2,20,9.22,8.64,8.895,9.015
2008,2,19,8.64,8.895,9.015,8.905
2008,2,15,8.895,9.015,8.905,8.705
2008,2,14,9.015,8.905,8.705,8.345
2008,2,13,8.905,8.705,8.345,8.345
2008,2,12,8.705,8.345,8.345,8.43
2008,2,7,8.345,8.345,8.43,7.985
2008,2,6,8.345,8.43,7.985,7.92
2008,2,5,8.43,7.985,7.92,7.845
2008,2,4,7.985,7.92,7.845,7.605
2008,2,1,7.92,7.845,7.605,7.895
2008,1,31,7.845,7.605,7.895,8.1
2008,1,30,7.605,7.895,8.1,8.185
2008,1,29,7.895,8.1,8.185,8.085
2008,1,28,8.1,8.185,8.085,7.915
2008,1,25,8.185,8.085,7.915,7.84
2008,1,24,8.085,7.915,7.84,7.825
2008,1,23,7.915,7.84,7.825,7.86
2008,1,22,7.84,7.825,7.86,7.96
2008,1,18,7.825,7.86,7.96,8.385
2008,1,17,7.86,7.96,8.385,8.22
2008,1,16,7.96,8.385,8.22,8.22
2008,1,15,8.385,8.22,8.22,8.25
2008,1,14,8.22,8.22,8.25,8.45
2008,1,11,8.22,8.25,8.45,8.155
2008,1,10,8.25,8.45,8.155,7.93
2008,1,9,8.45,8.155,7.93,7.905
2008,1,8,8.155,7.93,7.905,7.575
2008,1,7,7.93,7.905,7.575,7.57
2008,1,4,7.905,7.575,7.57,7.53
2008,1,3,7.575,7.57,7.53,7.88
2008,1,2,7.57,7.53,7.88,7.78
2007,12,31,7.53,7.88,7.78,7.465
2007,12,28,7.88,7.78,7.465,7.13
2007,12,27,7.78,7.465,7.13,6.795
2007,12,26,7.465,7.13,6.795,7.02
2007,12,24,7.13,6.795,7.02,7.035
2007,12,21,6.795,7.02,7.035,7.035
2007,12,20,7.02,7.035,7.035,7.18
2007,12,19,7.035,7.035,7.18,7.17
2007,12,18,7.035,7.18,7.17,7.155
2007,12,17,7.18,7.17,7.155,7.085
2007,12,14,7.17,7.155,7.085,7.09
2007,12,13,7.155,7.085,7.09,7.385
2007,12,12,7.085,7.09,7.385,7.215
2007,12,11,7.09,7.385,7.215,7.085
2007,12,10,7.385,7.215,7.085,6.97
2007,12,7,7.215,7.085,6.97,7.075
2007,12,6,7.085,6.97,7.075,7.295
2007,12,5,6.97,7.075,7.295,7.06
2007,12,4,7.075,7.295,7.06,7.4
2007,12,3,7.295,7.06,7.4,7.005
2007,11,30,7.06,7.4,7.005,7.28
2007,11,29,7.4,7.005,7.28,7.375
2007,11,28,7.005,7.28,7.375,7.49
2007,11,27,7.28,7.375,7.49,7.485
2007,11,26,7.375,7.49,7.485,7.525
2007,11,23,7.49,7.485,7.525,6.785
2007,11,21,7.485,7.525,6.785,6.78
2007,11,19,7.525,6.785,6.78,7.355
2007,11,16,6.785,6.78,7.355,7.275
2007,11,15,6.78,7.355,7.275,7.315
2007,11,14,7.355,7.275,7.315,7.3
2007,11,13,7.275,7.315,7.3,7.15
2007,11,12,7.315,7.3,7.15,6.845
2007,11,9,7.3,7.15,6.845,6.66
2007,11,8,7.15,6.845,6.66,6.92
2007,11,7,6.845,6.66,6.92,7.28
2007,11,6,6.66,6.92,7.28,7.2
2007,11,5,6.92,7.28,7.2,6.805
2007,11,2,7.28,7.2,6.805,6.79
2007,11,1,7.2,6.805,6.79,7.145
2007,10,31,6.805,6.79,7.145,7.16
2007,10,30,6.79,7.145,7.16,7.02
2007,10,29,7.145,7.16,7.02,6.72
2007,10,25,7.16,7.02,6.72,6.465
2007,10,24,7.02,6.72,6.465,6.205
2007,10,23,6.72,6.465,6.205,6.355
2007,10,22,6.465,6.205,6.355,6.49
2007,10,19,6.205,6.355,6.49,6.885
2007,10,18,6.355,6.49,6.885,7.195
2007,10,17,6.49,6.885,7.195,7.11
2007,10,16,6.885,7.195,7.11,7.27
2007,10,15,7.195,7.11,7.27,7.04
2007,10,12,7.11,7.27,7.04,6.625
2007,10,11,7.27,7.04,6.625,6.825
2007,10,10,7.04,6.625,6.825,6.795
2007,10,9,6.625,6.825,6.795,6.695
2007,10,8,6.825,6.795,6.695,6.75
2007,10,5,6.795,6.695,6.75,6.845
2007,10,4,6.695,6.75,6.845,6.88
2007,10,3,6.75,6.845,6.88,6.94
2007,10,2,6.845,6.88,6.94,6.655
2007,10,1,6.88,6.94,6.655,6.455
2007,9,28,6.94,6.655,6.455,6.18
2007,9,27,6.655,6.455,6.18,6.26
2007,9,26,6.455,6.18,6.26,6.47
2007,9,25,6.18,6.26,6.47,6.505
2007,9,24,6.26,6.47,6.505,6.14
2007,9,21,6.47,6.505,6.14,6.065
2007,9,20,6.505,6.14,6.065,6.015
2007,9,19,6.14,6.065,6.015,6.275
2007,9,18,6.065,6.015,6.275,6.345
2007,9,17,6.015,6.275,6.345,6.355
2007,9,14,6.275,6.345,6.355,6.285
2007,9,13,6.345,6.355,6.285,6.225
2007,9,12,6.355,6.285,6.225,6.14
2007,9,11,6.285,6.225,6.14,5.97
2007,9,10,6.225,6.14,5.97,5.605
2007,9,7,6.14,5.97,5.605,5.57
2007,9,6,5.97,5.605,5.57,5.945
2007,9,5,5.605,5.57,5.945,5.745
2007,9,4,5.57,5.945,5.745,5.38
2007,8,31,5.945,5.745,5.38,5.465
2007,8,30,5.745,5.38,5.465,5.565
2007,8,29,5.38,5.465,5.565,5.66
2007,8,28,5.465,5.565,5.66,5.555
2007,8,27,5.565,5.66,5.555,5.35
2007,8,24,5.66,5.555,5.35,5.71
2007,8,23,5.555,5.35,5.71,5.805
2007,8,22,5.35,5.71,5.805,5.805
2007,8,21,5.71,5.805,5.805,5.91
2007,8,20,5.805,5.805,5.91,6.43
2007,8,17,5.805,5.91,6.43,7.14
2007,8,16,5.91,6.43,7.14,6.985
2007,8,15,6.43,7.14,6.985,7.295
2007,8,14,7.14,6.985,7.295,6.895
2007,8,13,6.985,7.295,6.895,7.12
2007,8,10,7.295,6.895,7.12,6.63
2007,8,9,6.895,7.12,6.63,6.52
2007,8,8,7.12,6.63,6.52,6.31
2007,8,7,6.63,6.52,6.31,6.385
2007,8,6,6.52,6.31,6.385,6.09
2007,8,3,6.31,6.385,6.09,6.105
2007,8,2,6.385,6.09,6.105,6.3
2007,8,1,6.09,6.105,6.3,6.265
2007,7,31,6.105,6.3,6.265,6.435
2007,7,30,6.3,6.265,6.435,6.28
2007,7,27,6.265,6.435,6.28,5.785
2007,7,26,6.435,6.28,5.785,5.83
2007,7,25,6.28,5.785,5.83,5.595
2007,7,24,5.785,5.83,5.595,5.66
2007,7,23,5.83,5.595,5.66,5.945
2007,7,20,5.595,5.66,5.945,6.44
2007,7,19,5.66,5.945,6.44,6.545
2007,7,18,5.945,6.44,6.545,6.265
2007,7,17,6.44,6.545,6.265,6.3
2007,7,16,6.545,6.265,6.3,6.255
2007,7,13,6.265,6.3,6.255,6.36
2007,7,12,6.3,6.255,6.36,6.265
2007,7,11,6.255,6.36,6.265,6.595
2007,7,10,6.36,6.265,6.595,6.445
2007,7,9,6.265,6.595,6.445,6.41
2007,7,6,6.595,6.445,6.41,6.175
2007,7,5,6.445,6.41,6.175,6.265
2007,7,3,6.41,6.175,6.265,6.39
2007,7,2,6.175,6.265,6.39,6.25
2007,6,29,6.265,6.39,6.25,6.395
2007,6,28,6.39,6.25,6.395,6.765
2007,6,27,6.25,6.395,6.765,6.76
2007,6,26,6.395,6.765,6.76,6.855
2007,6,25,6.765,6.76,6.855,6.83
2007,6,22,6.76,6.855,6.83,7.03
2007,6,21,6.855,6.83,7.03,7.24
2007,6,20,6.83,7.03,7.24,7.375
2007,6,19,7.03,7.24,7.375,7.47
2007,6,18,7.24,7.375,7.47,7.665
2007,6,15,7.375,7.47,7.665,7.58
2007,6,14,7.47,7.665,7.58,7.475
2007,6,13,7.665,7.58,7.475,7.585
2007,6,12,7.58,7.475,7.585,7.495
2007,6,11,7.475,7.585,7.495,7.475
2007,6,8,7.585,7.495,7.475,7.535
2007,6,7,7.495,7.475,7.535,7.88
2007,6,6,7.475,7.535,7.88,7.845
2007,6,5,7.535,7.88,7.845,7.82
2007,6,4,7.88,7.845,7.82,7.785
2007,6,1,7.845,7.82,7.785,7.55
2007,5,31,7.82,7.785,7.55,7.745
2007,5,30,7.785,7.55,7.745,7.685
2007,5,29,7.55,7.745,7.685,7.535
2007,5,25,7.745,7.685,7.535,7.48
2007,5,24,7.685,7.535,7.48,7.57
2007,5,23,7.535,7.48,7.57,7.55
2007,5,22,7.48,7.57,7.55,7.615
2007,5,21,7.57,7.55,7.615,7.655
2007,5,18,7.55,7.615,7.655,7.885
2007,5,17,7.615,7.655,7.885,7.705
2007,5,16,7.655,7.885,7.705,7.605
2007,5,15,7.885,7.705,7.605,7.635
2007,5,14,7.705,7.605,7.635,7.855
2007,5,11,7.605,7.635,7.855,7.555
2007,5,10,7.635,7.855,7.555,7.625
2007,5,9,7.855,7.555,7.625,7.51
2007,5,8,7.555,7.625,7.51,7.465
2007,5,7,7.625,7.51,7.465,7.67
2007,5,4,7.51,7.465,7.67,7.555
